"PROFIT_06Y","CODE","PROFIT_14Y","PROFIT_12Y","PROFIT_10Y","ASSET_13Y","ASSET_08Y","PROFIT_09Y","ASSET_07Y","ASSET_15Y","ASSET_11Y","PROFIT_11Y","PROFIT_15Y","PROFIT_13Y","ASSET_09Y","PROFIT_07Y","ASSET_12Y","PROFIT_08Y","ASSET_14Y","ASSET_06Y","ASSET_10Y"
0,"000020",10,177,67,2270,1791,285,1610,2297,2139,54,49,13,2054,81,2296,215,2272,0,2089
16427,"000030",12080,14486,11086,183503,119265,9546,123100,193099,181261,20694,10754,4663,136350,17781,185659,2347,180934,112966,141911
1159,"000080",213,1035,610,13831,4748,1233,2945,13246,14233,702,534,791,7430,1507,14091,1548,13279,1389,6205
670,"000100",909,808,1280,12282,8626,1217,7565,13639,11167,942,1260,865,9677,921,11882,1256,12759,6724,10727
0,"000230",67,272,328,3244,1958,161,1730,3329,2950,193,119,171,2069,276,3102,270,3266,0,2803
1667,"000240",1838,32772,4775,22713,17679,3757,17093,25666,32167,3552,1727,1602,21135,1597,8253,235,24151,15615,25305
25,"000250",173,13,48,1192,717,53,681,1543,841,57,179,76,765,60,866,61,1397,650,796
166,"000320",371,189,112,4025,2665,86,2752,5214,3628,169,882,360,2726,112,3719,25,4398,2684,2799
71,"000390",355,160,79,2509,1208,161,1128,2878,2097,130,248,292,2006,47,2217,106,2797,1114,2019
99,"000430",184,488,397,4862,2959,69,1808,5104,4071,424,263,378,3157,110,4530,96,4906,1808,3264
0,"000440",28,18,14,449,402,7,405,498,437,35,4,18,404,13,442,4,501,0,412
230,"000480",487,345,401,6594,4081,312,4749,6013,6219,379,171,438,5178,230,6370,87,6504,3569,5133
65,"000590",144,65,57,2038,776,74,671,2459,1628,118,296,130,1123,41,1697,120,2244,615,1518
23,"000650",48,18,23,446,273,29,247,492,411,27,46,59,302,29,412,28,463,219,325
1041,"000670",1006,2774,2203,28165,11049,1603,10308,30034,19180,2320,899,2344,12813,1516,21812,1436,29122,9182,15187
3987,"000720",5867,5670,5426,52031,29215,4768,23300,74913,43635,6851,5840,5696,30795,2983,47559,3674,69663,18406,36618
0,"000810",5151,7992,5257,89690,34205,6004,32085,95388,58194,6668,8382,7767,38744,3415,77427,4771,78885,0,49540
142,"000850",213,154,236,2299,1719,104,1426,2637,2092,270,160,150,1791,178,2225,229,2489,1318,2497
143,"000860",417,306,248,3737,2520,273,2439,4479,3073,249,435,424,2765,145,3332,83,4100,2299,2977
0,"000970",51,40,59,2184,2038,56,2002,2244,2159,21,103,49,2060,82,2154,72,2191,0,2087
1150,"001040",5086,5703,7696,86009,32726,5293,30298,98635,75640,7361,5511,3226,39042,1071,83841,3465,90699,22464,56932
0,"001270",45,175,226,3831,3000,181,2288,3973,3813,269,154,59,3317,125,3971,212,3765,0,3512
15,"001420",8,14,10,309,261,3,280,318,289,23,7,20,265,12,295,0,314,273,272
0,"001450",2106,4140,1845,21507,6572,1151,4747,23723,11629,1614,2349,3442,8352,422,17812,1715,20527,0,10660
117,"001460",191,247,220,3479,2416,193,2369,3781,3088,270,132,155,2594,92,3333,50,3654,2269,2832
43,"001560",65,72,84,622,465,69,523,668,700,74,26,67,578,83,758,22,655,462,648
219,"001630",133,374,479,1853,2032,288,1806,3812,3593,565,306,4236,2278,176,3847,218,1885,1618,2711
553,"001720",499,588,900,9411,6608,522,5565,10233,8665,592,765,529,6678,488,9177,825,9631,5291,7909
0,"001750",46,75,215,2630,2220,132,1618,2598,2605,135,63,49,2228,120,2687,203,2561,0,2434
12,"001840",15,10,9,332,224,8,184,414,322,9,15,8,316,4,332,8,407,184,324
78,"002030",623,709,72,11509,7928,388,8114,11617,10530,203,82,552,8264,483,10882,129,11625,6870,8485
123,"002100",71,103,93,1632,1379,168,1231,1747,1430,5,70,140,1462,150,1517,116,1689,1174,1522
42,"002230",44,78,66,1015,518,39,498,1274,676,72,93,246,558,51,750,28,1097,426,617
201,"002240",2984,438,989,12709,8280,910,6679,14698,12718,1073,174,367,9380,418,12590,1286,14885,6222,10463
185,"002270",599,614,495,7724,3139,456,2845,8926,5232,481,503,1139,4203,219,6094,268,8320,2407,4761
41,"002290",16,30,21,481,368,39,354,524,443,20,32,14,406,17,470,16,495,340,424
2500,"002380",3267,4463,3740,50933,38208,4055,48096,58687,50255,3270,1851,2490,49519,2466,49619,2230,62293,28286,62497
32,"002450",106,76,36,1817,1294,75,1207,2165,1446,18,42,461,1373,47,1440,16,2125,1151,1404
0,"002550",1172,2144,1485,15946,5680,1173,4224,17849,9065,739,1388,1673,4928,186,13541,1248,15024,0,8205
108,"002620",21,112,255,2376,1553,280,1398,2414,2314,270,98,5,1837,137,2414,175,2352,1271,2078
1269,"002790",4974,3457,2881,39089,21767,2381,19994,48878,33576,3761,6739,3550,23677,1756,36342,1864,43234,18799,26301
85,"002810",215,220,197,2256,1368,133,1251,2616,1876,155,190,201,1484,105,2070,77,2452,1158,1671
0,"002840",161,135,179,1045,1073,70,869,1453,1086,209,117,176,1125,137,836,205,1361,0,886
144,"002920",203,268,157,2496,1709,14,1618,2826,2002,190,166,237,1682,132,2194,70,2673,1496,1851
85,"002960",269,312,271,900,492,313,494,969,773,261,312,296,727,151,860,121,906,428,726
0,"003000",195,64,279,1962,1706,306,1242,2100,2017,274,236,165,1740,195,1910,330,2011,0,1918
264,"003030",765,996,920,10994,6016,123,4570,12271,9552,988,458,1166,5926,208,10039,1231,11747,4159,6850
42,"003080",46,30,1,889,876,36,858,897,860,18,33,35,894,34,875,43,909,837,877
0,"003090",747,445,336,3914,3635,475,2942,7087,4847,639,379,463,4125,550,3361,670,6871,0,4294
385,"003120",40,365,63,3227,2465,80,4000,3183,3317,351,989,80,3117,177,3181,342,3287,2303,3791
93,"003200",247,123,613,6476,4239,344,4082,6789,6034,278,202,328,4606,74,6119,248,6661,3939,5234
56,"003220",156,98,118,1233,608,98,569,1487,1039,93,173,122,764,78,1129,77,1345,504,951
0,"003460",125,124,206,4689,4040,217,3441,4663,4598,156,82,128,4112,125,4714,171,4610,0,4294
0,"003540",151,899,937,16583,17303,1033,15217,16429,17411,854,437,34,16576,1021,17334,1778,16346,0,16903
9335,"003550",8343,9543,16016,121053,257345,52257,219286,133082,109604,10298,9438,8309,294308,36321,117350,29668,125858,185511,102330
333,"003570",26,437,541,6727,5148,418,4376,6776,7705,566,326,226,5764,581,7945,321,6543,3236,6235
59,"003650",160,247,217,1817,899,253,719,2159,1483,209,251,174,1128,107,1680,215,1943,623,1321
143,"003670",733,754,561,4524,1547,331,1330,5382,3289,914,322,580,1831,169,3983,252,5148,1203,2349
0,"003690",1239,419,790,14128,5374,608,5329,18390,7548,1076,1175,1385,5836,577,12580,377,14509,0,6605
7,"003780",30,30,39,322,135,31,882,365,244,42,53,29,160,45,253,32,332,882,186
133,"003800",238,330,305,3056,1656,230,1479,3499,2520,381,305,289,1870,154,2804,174,3249,1337,2152
22,"003850",216,94,136,1600,1198,52,1162,1959,1380,62,203,141,1240,84,1458,52,1774,1079,1325
322,"004000",587,733,852,11265,7839,867,7133,11636,10887,734,900,33,8557,401,11534,853,11958,7022,10481
4929,"004020",7823,7964,10322,133647,49349,11699,41901,155200,91189,7471,7392,7094,67378,5320,98309,7893,138148,36296,78917
61,"004080",67,10,47,779,735,16,722,848,778,29,29,13,733,42,773,17,829,700,761
15,"004090",67,38,42,1111,336,43,287,1292,1006,33,145,77,374,28,1038,28,1172,301,412
19,"004100",67,16,44,924,937,25,620,1007,918,8,40,15,949,33,908,21,993,548,962
4955,"004170",1861,1937,11059,33439,39701,5826,34557,40609,21797,35221,4332,1947,45684,5208,31007,5629,35691,29698,74302
46,"004250",264,188,261,1605,674,51,612,2088,1197,134,248,260,1389,49,1358,63,1850,577,1630
337,"004360",389,541,1057,6466,5409,954,4521,7174,5835,548,434,294,6298,333,6118,942,6768,4313,7293
54,"004450",79,76,66,1075,1391,113,944,1229,979,77,97,74,856,80,1022,68,1150,951,911
119,"004490",614,979,792,6480,2516,703,1791,7681,4904,1054,786,700,3199,188,5855,754,6990,1622,3968
12,"004590",52,34,2,673,271,203,275,774,586,19,60,27,472,9,653,0,721,271,470
531,"004690",116,357,689,11952,6940,1209,6854,13491,11421,306,372,403,8399,570,11638,500,13182,6252,8514
97,"004700",79,61,158,1515,901,143,873,1771,1338,95,75,110,1054,48,1398,32,1704,821,1208
11,"004830",8,20,24,627,511,35,501,635,570,3,5,44,542,4,585,5,627,510,560
102,"004890",112,289,490,3065,1844,254,1376,3157,2865,381,42,93,2134,225,3089,550,3159,1463,2602
57,"004910",168,128,134,1367,586,150,555,1661,1161,60,193,117,716,44,1271,39,1503,527,837
68,"004970",159,695,429,4118,2233,312,1872,4373,3437,295,167,263,2573,174,3974,536,4248,1619,3118
2983,"004990",17,898,1369,29665,21393,393,16512,27025,26150,1004,792,552,25724,1090,28016,1728,26202,15932,27180
188,"005010",150,259,304,4060,3128,14,2431,3937,3821,354,7,62,3429,166,3889,668,3974,2137,3458
166,"005090",184,152,413,2644,2227,404,1839,3184,2202,222,193,89,2573,193,2400,348,2869,1588,3360
284,"005180",376,507,489,4676,2892,488,2636,5172,3970,420,247,379,3297,420,4385,416,4840,2291,3738
27,"005190",31,43,10,758,270,6,1660,915,534,42,118,50,294,150,593,3,774,1123,307
178,"005250",1015,901,1185,10997,3505,753,3511,13074,8958,571,1128,808,5228,410,9728,363,11811,2217,8398
706,"005300",206,830,369,24259,13935,79,14897,23626,21439,771,1003,1035,19934,634,22684,552,23166,15083,22561
13112,"005380",76495,90563,79829,565828,253519,40434,237136,668814,403277,81049,65092,89935,289617,19561,479176,10926,626206,209660,367356
263,"005440",979,808,807,14225,4914,499,5499,14679,12463,865,915,914,6490,355,13226,569,13817,4467,10976
86,"005500",207,106,105,1130,1029,70,974,1481,1199,71,270,79,1096,64,1127,67,1260,931,1197
92,"005610",334,106,64,1961,1543,66,1493,2538,1575,62,376,221,1570,80,1775,73,2236,1441,1602
1,"005670",21,14,15,443,415,7,380,469,431,6,19,13,414,2,435,8,459,375,425
58,"005710",132,249,121,1707,719,75,705,1863,1252,140,64,287,772,38,1431,1,1801,673,887
0,"005800",59,154,156,2684,2062,145,1939,2721,2519,172,75,114,2208,154,2611,138,2717,0,2352
20,"005820",53,39,35,918,713,46,548,1021,626,26,51,86,757,36,664,27,968,513,789
0,"005830",2725,3962,2349,30282,9291,2287,7479,35912,15904,2969,4293,4661,9420,1291,22644,2855,28599,0,12938
81937,"005930",233944,238453,161465,1500160,629240,102299,559719,1790598,1018453,137341,190601,304748,730543,79230,1214802,58902,1680882,479399,893491
0,"005940",160,1698,1680,34839,26892,1558,21905,43781,28415,1365,813,881,25945,2172,34497,3109,34475,0,27398
319,"005990",239,205,261,3694,2394,230,2376,4051,2800,47,261,230,2573,261,3061,113,3877,2140,2822
241,"006040",586,1027,1166,6316,2096,963,1629,7089,4968,657,70,839,4546,435,5817,430,6895,1295,5479
981,"006120",140,1566,2755,17835,13459,1446,8778,25858,16204,1909,944,78,10228,962,17382,599,20061,7414,13559
56,"006140",66,95,65,825,474,71,469,915,665,82,63,93,530,54,747,19,872,435,580
142,"006220",139,273,190,2921,1718,128,1444,3180,2479,224,194,205,2135,143,2779,221,3055,1323,2362
348,"006280",868,556,1047,8394,2672,805,2360,9977,6303,576,957,720,3588,444,6852,489,9206,1860,5422
37,"006340",14,24,29,744,571,22,538,812,679,15,35,34,584,31,715,4,767,457,596
0,"006370",57,176,226,3994,2989,191,2742,3728,3962,268,34,78,3142,200,3954,229,4133,0,3343
8,"006880",35,94,38,1572,266,26,251,1600,1139,65,21,94,286,26,1251,15,1593,225,800
26,"006890",61,72,71,866,520,98,478,977,713,78,54,42,666,31,773,58,947,416,709
414,"007070",1113,1235,5212,16146,8836,1248,5776,21590,14346,934,1662,1190,9876,365,15245,520,16815,5488,13924
62,"007210",214,49,224,2273,1769,137,1331,2674,1622,161,303,104,1893,62,1699,44,2432,1271,2100
318,"007310",941,758,546,7413,3727,611,3218,9491,5932,707,1049,922,4239,456,6582,528,8233,2849,4714
100,"007340",448,580,556,5981,3503,392,3043,7254,5056,531,747,485,3914,243,5595,418,6503,2797,4442
13,"007530",21,5,14,317,102,11,97,350,281,7,20,24,113,15,286,1,329,87,236
5,"007540",70,84,4,1430,1307,67,1267,1581,1637,36,140,73,1367,43,1371,46,1479,1238,1365
91,"007590",76,53,66,1148,944,96,911,1234,1130,64,57,63,1019,91,1140,55,1200,842,1062
172,"007690",209,264,271,3627,2163,228,1787,4307,2956,219,563,314,2311,135,3173,294,3791,1613,2869
157,"007700",140,81,275,1775,1073,157,1024,1996,1649,197,124,84,1226,130,1707,82,1895,918,1504
16,"007820",64,56,48,469,128,26,109,575,392,62,30,50,179,28,426,23,508,85,227
149,"007860",2563,542,778,6733,1819,596,1264,9808,4405,658,942,1003,2261,129,4849,427,8859,1107,2900
108,"008020",232,242,162,2919,1272,132,1118,3233,2553,260,225,173,1386,116,2768,127,2848,1030,1471
28,"008260",53,71,80,688,369,11,372,784,576,64,71,74,482,36,629,11,725,345,526
36,"008370",39,43,48,640,318,69,303,715,579,51,59,45,479,19,609,29,669,282,518
21,"008470",38,36,32,526,272,42,252,603,459,31,50,42,311,4,482,20,561,252,333
0,"008560",516,531,219,7117,5412,230,3115,10771,6309,255,1447,629,5367,266,6774,474,7145,0,5912
141,"008730",91,226,201,3189,2406,179,2404,3148,2943,220,140,275,2457,148,3042,126,3141,2357,2542
178,"008770",735,1014,497,6786,4937,315,4887,7439,5980,560,185,108,5265,171,6866,249,7300,4704,5832
60,"008870",31,23,13,1279,774,24,792,1389,1251,74,77,19,788,58,1276,8,1304,740,786
14,"009070",171,1,20,1523,1182,32,1147,1720,1484,34,91,41,1215,146,1481,50,1650,997,1219
1056,"009150",5089,4520,6667,42580,20042,3186,20058,43154,38758,3924,206,3457,27945,1235,39656,541,46428,18197,38028
87,"009160",143,193,201,2088,923,137,689,2320,1689,250,164,200,1042,123,1879,255,2191,524,1296
91,"009240",867,395,290,2643,1371,218,1334,4352,2024,393,1147,614,1485,147,2149,173,3380,1235,1794
177,"009290",351,278,252,2908,1817,232,1679,3777,2495,299,361,220,2017,242,2673,214,3144,1522,2208
47,"009300",81,120,218,1273,770,35,744,1401,1106,98,72,72,799,38,1213,42,1342,715,1008
110,"009440",0,383,116,2120,859,153,652,1958,1658,193,134,145,986,133,1922,65,1941,536,1483
60,"009450",94,92,77,1873,1424,37,1292,2061,1433,94,168,111,1416,77,1522,77,1900,1205,1537
358,"009680",175,279,428,3899,2284,447,2059,3796,3538,270,92,202,2775,255,3746,257,3753,1841,3247
70,"009770",66,169,115,1525,890,116,897,1619,1264,169,79,132,1000,58,1420,21,1564,839,1114
26,"009780",47,29,22,402,331,15,322,498,348,26,52,33,332,13,367,11,441,297,361
502,"009970",1817,1689,1541,12030,4814,1061,3677,17263,8649,2109,1726,1614,5812,692,9589,1205,13404,2964,6826
63,"010100",24,129,249,2653,2235,3,2118,2754,2494,87,143,95,2337,73,2559,25,2629,1945,2465
993,"010120",1051,973,1132,9270,5092,1687,4542,10147,7765,697,706,1140,6688,1107,8375,948,9935,3683,7469
4284,"010130",5049,5680,4867,43320,18546,4184,16563,52194,35104,7137,5140,4528,22727,4295,39860,2897,47831,12801,27452
5,"010470",25,48,43,612,380,23,314,677,462,65,28,30,392,34,492,24,614,290,432
36,"010660",69,121,100,1223,784,50,737,1263,1048,157,23,87,822,46,1152,63,1263,705,910
75,"010820",16,26,77,690,490,11,497,732,686,27,25,24,764,9,686,22,707,434,852
75,"010960",36,84,128,1221,671,130,455,1246,1119,58,82,52,798,84,1195,58,1218,391,999
183,"011040",243,81,200,1690,1153,135,1187,2044,1506,203,133,185,1237,163,1538,114,1904,1114,1382
615,"011210",4392,4246,1367,23113,7563,772,4854,31632,14954,2409,3269,4250,8230,433,18821,464,28489,4425,9479
29,"011500",78,87,122,808,379,117,339,940,675,90,85,78,488,49,740,53,869,302,601
136,"011560",80,71,58,852,599,45,542,1047,770,80,137,56,638,96,812,73,922,462,683
1026,"011790",433,318,1308,12055,9668,94,6886,15563,11493,780,2456,257,9533,794,11916,106,13010,6027,10717
43,"012160",25,48,62,1701,733,61,581,1742,1770,124,42,75,767,75,1787,128,1725,504,943
53,"012200",65,50,55,1492,1247,47,1183,1604,1386,66,96,59,1268,90,1443,47,1529,1107,1311
6942,"012330",33925,35420,25059,201932,53504,15712,42383,256762,137946,30268,30400,33964,77586,7614,170397,10391,232861,36208,101881
10,"012610",101,21,98,1897,1088,146,711,2011,1763,29,37,102,1678,44,1750,172,1982,676,1728
22,"012620",78,64,68,794,431,27,362,910,678,76,46,59,527,56,740,72,867,313,592
65,"012700",390,261,187,1794,721,140,664,2550,1257,237,408,349,863,71,1480,72,2159,526,1046
833,"012750",1186,1092,1148,8537,5718,981,4881,9935,7611,1349,1560,860,6335,1062,8050,1174,9283,4099,6561
27,"012790",102,44,39,622,426,38,399,782,519,31,88,73,460,33,551,34,709,372,494
31,"012860",325,41,37,1342,953,44,735,1774,1231,130,213,213,969,58,1186,27,1621,634,985
60,"013030",382,295,197,2164,665,192,458,2854,1594,247,432,334,944,143,1869,218,2489,326,1325
369,"013120",590,345,47,2722,1821,6,1823,4135,2096,178,902,328,1828,106,2423,39,3279,1754,1875
114,"013870",175,141,201,1945,921,57,843,2143,1509,258,120,199,984,125,1726,55,2085,727,1162
65,"014280",231,107,80,2573,1427,116,1462,2700,1928,2,76,185,1533,25,2022,17,2746,1437,2065
97,"014530",93,119,90,1135,652,95,504,1305,926,92,145,129,772,32,1033,101,1197,471,848
30,"014570",22,15,33,474,390,28,365,497,470,38,18,7,411,40,476,32,488,330,437
52,"014580",46,87,139,1122,1126,151,1094,1152,978,110,28,64,1323,37,1033,76,1144,1036,1387
208,"014620",441,555,174,4347,1918,461,1280,4655,3204,246,195,687,2777,519,3719,666,4521,778,2941
113,"014680",214,361,154,1985,1088,170,1215,2468,1523,187,343,203,1149,53,1816,31,2132,1165,1437
235,"014830",457,45,714,4943,2625,352,1979,6072,4750,663,709,359,2923,271,4718,634,5296,1670,4068
38,"015230",181,234,134,1199,511,29,443,1516,837,227,158,181,530,40,1041,44,1380,408,656
264,"015350",351,373,280,4366,2758,186,2627,5001,3833,332,416,368,2878,254,4104,246,4596,2477,3064
182,"015360",133,304,357,6343,2873,152,2681,6473,6077,220,194,140,5694,276,6257,254,6338,2496,6009
3,"015710",58,34,14,706,595,15,371,889,655,33,72,30,606,23,683,7,756,342,619
269,"015750",1305,1609,1512,10102,2836,1189,2121,11312,8400,755,309,1534,4117,367,9517,445,11014,2001,5735
0,"016360",240,1925,2615,34825,23664,2476,20239,34268,29199,2570,2366,1743,24971,2196,33804,3764,34372,0,27092
88,"016580",188,158,172,1732,978,144,950,2066,1499,146,205,146,1084,113,1625,112,1885,889,1249
93,"016710",270,330,196,4956,2126,410,2041,5351,4586,391,277,283,2534,115,4750,160,5185,1909,3299
294,"016800",248,294,325,3093,2580,320,2399,3534,2931,341,300,207,2797,328,3035,359,3289,2155,2644
47,"017250",33,11,13,716,647,18,629,759,640,14,26,12,650,24,721,25,737,623,644
24,"017370",121,57,54,793,496,41,374,1103,728,81,152,37,600,14,762,17,927,316,640
443,"017390",622,648,473,7992,3560,242,3362,8741,6661,554,448,693,3820,398,7278,416,8598,2905,4254
4,"017510",32,39,19,567,263,21,263,614,496,23,40,51,482,19,526,17,577,247,494
14496,"017670",17993,11157,12972,141666,118244,10556,116876,153741,127327,15821,15159,16095,123446,15623,128548,9723,152483,94831,124786
62,"017890",116,75,124,1772,1383,139,1241,2089,1676,99,182,55,1509,99,1717,202,1900,1050,1576
144,"017960",197,57,79,2340,1559,232,1243,2819,1856,60,227,148,1752,219,2242,369,2822,1044,1669
170,"018120",163,155,137,560,910,165,921,743,1059,101,176,141,956,194,494,175,642,782,965
2209,"018260",4343,4072,3276,38834,12005,2758,9876,47769,29699,3329,4698,3260,14455,2358,32449,2361,42140,7121,26402
46,"018310",403,50,48,1181,494,47,331,1899,910,30,333,212,536,40,956,10,1579,293,579
11,"018620",8,13,8,190,134,8,90,219,177,7,4,6,139,11,186,5,207,82,145
901,"018880",2904,2451,2192,15409,9197,1661,7656,17994,12831,2336,2434,3121,10062,1084,14387,1037,16700,6627,11417
220,"019170",34,143,218,1908,1279,211,1138,1949,1799,249,15,55,1453,88,1887,121,1915,1063,1504
98,"019440",322,214,309,2441,1003,36,887,2874,2074,292,192,330,1004,149,2164,150,2748,789,1281
14,"019540",279,77,67,760,350,44,360,1111,561,46,86,114,402,24,622,0,1035,338,466
506,"019680",382,208,475,6465,5284,562,6595,6440,6438,504,461,322,6049,463,6219,147,6408,6123,6734
41,"019770",104,82,82,713,260,47,226,833,574,99,2,76,303,49,641,39,810,182,382
7,"019990",28,39,44,295,140,38,124,333,246,35,20,27,173,16,279,20,315,109,212
510,"020000",364,641,747,7953,4928,539,4756,8314,7042,874,729,408,5422,466,7594,525,8247,4080,6064
749,"021240",2497,940,2109,9409,7543,1587,5284,12382,7379,1671,3431,2451,8399,1161,7851,1260,10394,4388,9432
142,"021820",680,707,574,3994,1413,157,1105,5264,2135,421,641,799,1758,152,3143,216,4360,938,2286
0,"021960",541,517,257,3721,1786,125,1621,4278,2355,316,326,531,1847,75,2721,97,4123,0,2114
38,"023000",145,186,159,1607,550,99,425,1791,1357,205,158,150,628,54,1501,125,1695,371,753
191,"023160",88,332,15,4143,2478,444,1636,4292,3523,276,159,285,2889,449,3869,831,4130,1202,2874
71,"023350",29,13,119,1230,630,96,572,1214,1174,83,12,54,723,79,1191,88,1227,486,838
22,"023450",23,38,28,494,340,39,323,536,443,18,35,20,405,17,478,20,503,308,425
475,"023590",849,959,1312,11761,5919,828,4697,14476,10778,1213,2026,541,7980,817,11442,1062,12501,3004,9985
33,"023810",143,92,135,816,287,71,226,1013,585,113,106,173,372,40,646,40,938,191,501
27,"023890",516,541,562,3528,1139,469,548,4424,2566,492,546,540,1569,50,3020,623,3956,515,2086
69,"023900",69,58,100,1011,683,87,605,1119,898,79,81,83,727,63,938,94,1057,559,809
10,"023910",104,73,25,557,231,12,225,768,426,45,138,78,242,6,478,7,641,220,266
24,"024060",18,14,15,647,578,25,563,682,633,20,29,7,595,24,642,25,662,548,603
67,"024070",55,73,82,1174,992,100,938,1179,1152,94,28,49,1048,66,1168,93,1188,915,1084
63,"024090",2,113,246,1387,865,135,778,1386,1387,166,45,28,994,131,1430,105,1356,660,1256
10520,"024110",10320,11671,13090,144291,77053,7266,68627,172938,132021,14401,11506,8542,94849,11777,139176,7644,156463,60234,107764
49,"024120",36,40,30,590,444,42,357,650,542,16,54,42,521,101,563,37,614,266,540
0,"024720",127,203,117,1842,719,51,641,2295,1151,126,274,229,751,66,1393,68,1976,0,982
49,"024950",101,77,36,832,169,38,169,987,716,12,125,88,1008,29,768,5,910,234,1024
297,"025000",409,370,460,3492,1739,390,1507,4066,3073,516,356,255,2062,307,3372,246,3825,1248,2456
85,"025530",181,203,166,2009,1158,148,1029,2238,1827,235,266,194,1387,105,1920,143,2105,916,1589
158,"025540",575,299,273,4383,2253,132,2372,5596,3600,367,689,430,2516,278,3957,162,4990,1983,2691
75,"025950",19,24,60,693,497,42,477,723,606,32,36,80,531,134,622,37,696,351,591
9,"026040",90,76,70,631,270,73,232,831,459,45,32,85,341,15,549,4,759,178,406
25,"026890",91,157,37,1079,997,47,955,1296,1045,92,142,15,1007,36,1032,41,1150,983,1007
65,"026940",31,61,101,1067,812,73,803,1073,1003,74,1,35,926,48,1045,93,1073,704,976
659,"026960",1310,1255,1201,10038,5713,1107,5001,11401,8409,998,1250,1265,6517,790,9243,927,10743,4412,7407
154,"027390",245,386,257,2581,1245,174,1165,2802,2006,254,85,122,1809,117,2439,124,2838,1052,2031
290,"027410",1015,423,675,2030,1919,493,1572,7737,3300,774,1528,700,2108,334,3765,426,5721,1277,2717
44,"028100",42,79,127,1329,485,115,424,1384,1265,68,45,21,1062,72,1336,69,1357,355,1136
587,"028150",1145,1066,746,7838,3972,548,3523,9156,6064,2002,784,1218,3792,538,6826,589,8783,3166,4306
1072,"028260",4551,1406,1689,39491,21346,1497,19531,183139,37743,2960,26857,452,23159,1152,38052,1736,52853,17874,43214
139,"029460",256,112,274,2404,1477,94,1356,3029,2001,138,457,262,1521,203,2078,99,2627,1122,1888
473,"029530",171,520,744,8237,6933,640,6469,8202,8387,656,94,253,7234,759,8540,571,8199,5908,7762
2719,"029780",6560,7499,11562,62027,37690,6038,35990,66883,61314,3752,3337,2732,44256,5718,59306,2577,63903,18206,60442
48,"029960",98,97,22,820,531,2,519,972,634,61,83,90,528,40,729,23,901,495,550
757,"030000",1020,992,1049,6686,5114,918,4460,8003,7178,957,817,1023,5756,598,6992,867,8827,4064,6605
106,"030190",178,112,16,1076,1101,216,994,1336,919,154,222,155,1373,129,981,154,1177,897,809
62,"030520",201,125,51,1399,971,144,934,1780,1099,135,234,191,1177,129,1253,121,1497,903,1046
106,"030530",571,179,268,4037,763,124,615,5404,3089,184,730,374,896,147,3353,125,4557,390,3796
0,"030610",113,216,250,5862,4175,162,3383,6146,5614,126,298,106,5083,325,5804,487,5886,0,5392
150,"031430",193,493,381,4362,1231,249,1046,4648,3619,462,210,315,1482,189,4090,187,4497,859,1892
144,"031440",42,277,289,2190,1064,244,940,2871,1763,313,67,193,1283,174,2031,190,2855,792,1546
25,"031510",99,93,149,1015,528,42,451,1236,870,106,137,100,634,69,925,36,1111,381,769
110,"032190",981,680,1306,12143,5936,840,1118,15412,10607,1141,2574,649,7977,117,11472,1034,13065,806,9889
154,"032560",89,58,152,1718,870,159,864,1844,1589,93,54,68,1067,144,1632,14,1800,914,1220
9,"032750",67,35,74,471,229,10,177,582,400,4,51,36,226,8,426,7,534,162,401
0,"032830",6035,9474,9057,217303,93975,1140,87847,222847,154440,19213,13370,9836,74950,5184,181132,7190,196367,0,121902
56,"032960",41,63,153,562,426,189,350,541,456,71,35,45,605,77,517,73,608,281,754
23,"033100",50,8,32,368,478,47,413,541,330,10,36,41,515,45,333,52,513,310,537
58,"033160",188,68,65,1789,729,68,633,5576,908,77,1805,461,815,61,1043,125,1925,590,884
9,"033180",52,35,34,605,442,24,334,671,562,23,31,44,444,10,567,16,655,305,487
71,"033240",225,436,40,2400,1253,58,1291,2749,1519,179,208,433,1355,105,2018,87,2594,1268,1419
0,"033270",122,202,142,1335,442,89,391,1618,927,168,185,164,532,40,1130,56,1414,0,787
153,"033530",226,452,475,3562,1574,385,1584,3932,2750,421,198,465,1882,125,3089,143,3787,1355,2324
34,"033540",56,6,23,667,431,15,410,727,630,53,28,46,556,33,621,29,702,383,575
27,"033560",285,37,93,1108,550,95,423,1600,985,11,310,123,629,21,982,77,1362,395,724
671,"033660",366,29,225,6989,6341,159,6094,7543,7067,623,510,191,7032,1097,6929,270,7236,4891,7262
6460,"033780",8138,7251,10308,53655,35561,8501,31632,62755,48851,8169,10322,5593,40080,6464,51944,8894,57081,30658,45983
90,"033830",33,43,58,975,743,52,723,1007,916,49,36,36,796,52,945,41,992,693,905
144,"033920",829,345,310,3464,1270,454,1296,4359,2304,414,288,550,1681,156,2945,9,4151,1193,1960
115,"034230",1058,798,416,8896,4836,346,5042,12865,5602,325,718,1077,5016,227,7280,183,11782,4925,5270
181,"034310",537,448,266,5708,2455,403,1541,6954,3223,338,629,637,3158,233,3947,272,6671,1326,3025
91,"034590",234,96,88,1387,1022,74,985,1595,1284,111,72,103,1030,96,1325,107,1565,939,1066
1938,"034730",1299,3562,26264,22805,249516,15126,238574,400773,22574,4383,55493,1890,268042,2502,22369,18041,26024,5993,274152
22,"034810",45,39,42,1301,1074,61,1049,1361,1218,42,38,61,1125,25,1246,33,1335,1033,1158
0,"034950",143,171,130,700,574,69,628,878,857,137,138,16,724,85,794,47,844,0,816
2,"035200",26,13,14,215,125,10,119,266,183,10,29,29,135,4,194,6,242,115,154
2479,"035250",3593,3062,4211,25177,16314,3900,15694,29978,22574,3812,4416,2976,18897,2928,23720,3093,27054,13832,21005
1508,"035420",4518,5444,4947,14753,7324,4226,4798,22696,15779,4521,5170,18953,10949,2771,19036,3694,17974,3809,13661
134,"035510",121,150,226,1531,824,135,713,1662,1284,171,68,128,944,144,1418,121,1615,582,1155
28,"035600",257,228,107,2153,882,143,368,2250,1205,158,34,216,945,41,1423,115,2348,333,1066
133,"035720",1498,766,1117,5541,1729,324,1143,25855,4562,1080,788,661,2096,156,5199,449,24632,971,3513
608,"035760",1058,1875,1164,11692,6800,1050,6602,13501,6527,1229,1120,1665,7773,365,9362,330,12664,6328,5856
46,"035810",174,226,185,3613,1627,246,1672,3993,2572,70,155,108,1918,74,2835,7,3675,1067,2052
36,"036190",214,185,116,1176,478,97,401,1491,763,152,227,228,553,66,923,92,1335,341,655
102,"036490",136,307,599,3168,1728,506,1073,3764,3254,671,662,4,2208,164,3487,375,3229,875,2755
432,"036530",670,633,946,13744,10587,664,5975,15292,13110,872,1164,538,11265,540,13180,591,13560,3858,12185
146,"036560",100,131,277,2581,1000,230,816,2974,2252,172,91,92,1226,170,2604,222,2842,726,1506
389,"036570",2275,1537,1674,11588,4244,1883,4492,17889,8685,1177,1664,1587,6481,459,10206,277,13756,4213,8119
51,"036640",47,35,70,647,437,29,451,722,619,53,42,24,461,31,631,13,683,453,516
18,"036670",33,19,26,376,267,32,164,442,322,15,55,23,294,27,335,42,403,139,321
43,"036800",300,105,91,767,283,68,247,1240,455,115,305,193,340,48,550,50,958,210,385
250,"036830",364,742,339,3883,1609,259,1503,4927,2252,70,806,620,1868,275,3334,191,4220,1231,2264
200,"037560",257,1044,434,8845,3427,429,3549,9512,5293,770,597,770,4017,84,7248,149,9036,3608,5137
0,"037620",709,1037,1673,21122,18808,1296,9623,23553,22081,1628,1822,1334,20603,1163,20102,2676,21111,0,21744
212,"037710",422,538,441,4087,1871,365,1580,4914,3102,523,459,486,2216,274,3616,311,4486,1326,2637
27,"038010",51,20,11,383,217,36,205,651,321,23,47,46,248,13,338,15,618,194,257
26,"038070",27,48,26,416,236,26,242,463,308,33,18,42,258,15,373,5,431,242,280
108,"038110",57,29,51,1168,730,49,701,1300,1043,146,48,22,773,56,1129,41,1244,838,824
86,"039030",423,276,331,2373,936,30,829,3051,1790,177,247,345,964,70,2045,113,2801,742,1632
21,"039240",72,63,94,649,312,82,323,778,541,94,82,60,426,34,601,30,709,253,443
47,"039340",23,44,110,632,387,113,400,732,609,60,91,8,491,82,643,18,641,339,594
0,"039490",360,1276,880,8606,3520,544,1671,9238,6998,1123,761,503,4658,437,8220,897,8552,0,7211
0,"039610",43,56,48,438,201,31,179,511,320,52,39,58,221,16,380,24,478,0,269
35,"039830",86,49,16,722,602,7,378,861,669,26,62,61,623,20,690,9,800,310,641
56,"041440",133,129,85,1346,584,95,503,1509,871,134,121,171,651,97,1177,110,1399,337,736
72,"041520",410,174,88,1638,403,64,382,2333,879,211,390,367,548,67,1297,9,2016,350,634
18,"041650",189,106,137,1001,648,61,566,1393,820,74,274,178,676,55,843,63,1136,517,793
3,"041830",89,56,52,516,262,56,200,763,421,56,173,62,313,20,461,61,596,182,363
0,"042370",22,24,36,515,265,69,221,535,383,18,4,31,346,29,488,13,532,0,257
9,"042520",35,25,10,293,152,21,132,432,204,9,49,34,173,11,240,20,394,120,218
194,"042700",298,244,345,1827,1207,66,1244,1940,1698,165,218,112,1273,273,1830,74,2050,1012,1676
52,"043150",116,53,93,1047,552,73,498,1340,747,16,287,141,616,70,867,54,1130,428,777
62,"043370",393,373,415,3823,1406,318,1225,4212,3044,439,74,474,1703,91,3380,141,4177,997,1975
273,"044490",70,83,113,5023,3562,320,1438,5820,4558,154,78,59,3855,490,4639,743,5750,946,3951
8,"044960",10,7,8,174,147,6,149,309,159,8,10,7,151,8,162,2,291,146,154
8,"045390",49,28,33,616,320,24,240,718,530,28,52,28,444,85,586,13,663,49,488
47,"046140",88,231,203,1512,486,104,471,1564,1083,224,61,247,720,44,1288,11,1555,416,891
1120,"047050",1764,2155,1190,22302,10682,1309,9970,24212,19104,2107,1086,1330,13994,973,21891,786,23747,9144,15889
5,"047400",36,42,63,911,629,43,550,949,865,63,51,54,707,40,875,79,927,510,748
23,"048430",162,124,42,706,328,35,265,938,477,54,115,142,370,24,589,17,847,244,418
32,"049430",79,71,66,828,537,52,499,1006,728,47,122,51,586,43,776,11,891,464,641
4,"049720",12,9,8,122,96,9,96,153,123,23,40,3,103,2,124,3,125,98,104
142,"049770",592,212,285,4271,2392,250,2421,5222,3859,378,568,366,3199,98,3976,76,4786,2313,3336
25,"049830",82,65,181,1150,641,41,501,1292,1016,46,69,78,690,26,1077,44,1227,466,862
3,"049960",104,61,50,431,207,43,211,688,318,52,175,78,246,18,364,23,524,220,290
69,"050860",26,56,74,837,328,68,266,788,733,45,30,68,396,77,781,69,852,189,701
17,"051490",43,62,78,719,484,54,446,766,673,103,37,49,526,5,710,21,738,447,624
619,"051600",1683,1179,984,6221,4103,963,3731,7863,4942,1047,1699,1520,4706,638,5315,687,6980,3405,5209
80,"051630",52,24,6,273,110,20,342,302,240,15,26,36,130,19,254,15,299,332,124
543,"051900",3546,3120,2370,14754,5257,1674,3882,21153,10606,2715,4704,3657,6590,805,12716,1233,17085,3235,8447
4602,"051910",8540,15063,21998,117257,50527,15332,40439,131035,97077,21697,11485,12706,56580,8359,107654,9860,122659,32778,78438
50,"052260",106,101,126,1074,512,110,477,1218,933,137,108,97,618,58,1007,64,1145,304,722
70,"052330",63,173,160,1645,858,129,755,2128,1383,213,232,174,1095,77,1538,41,1651,590,1213
15,"052400",260,189,111,1397,266,95,192,2106,883,286,292,214,430,31,1076,75,1801,135,606
40,"052600",22,5,70,346,265,54,269,360,335,20,20,16,310,32,323,19,354,260,355
111,"052690",548,1343,1413,3820,2452,826,2231,4168,3796,1161,310,344,3197,176,4260,275,4071,2092,4196
13,"053160",21,31,26,326,183,15,184,356,273,22,17,26,231,31,300,24,341,158,263
36,"053210",552,556,404,4016,2206,245,1825,4934,2922,266,730,727,1078,429,3489,206,4367,623,1451
49,"053260",59,85,64,960,628,67,603,1047,829,89,68,77,716,53,907,40,999,557,762
21,"053280",143,73,43,632,399,71,158,780,552,44,18,37,538,70,603,72,770,87,570
9,"053290",28,1,34,417,311,40,330,477,450,44,52,45,425,34,375,6,432,209,425
35,"053300",37,40,30,314,240,42,203,482,232,36,50,40,271,24,272,35,432,180,197
32,"053350",84,91,57,1259,552,40,529,1528,1017,85,188,158,598,34,1129,12,1337,512,819
12,"053610",149,150,145,841,254,86,193,1080,656,188,107,74,333,32,778,65,980,162,483
31,"053620",76,73,119,1226,548,152,519,1329,1041,74,33,81,733,0,1106,40,1295,510,838
35,"053690",73,42,83,537,228,82,164,824,493,35,67,61,451,55,491,73,601,106,458
146,"053800",90,147,145,1439,882,142,917,1613,1334,119,119,64,996,166,1449,90,1518,877,1325
77,"054540",4,48,68,778,505,127,326,753,713,83,7,20,608,42,730,73,762,265,676
18425,"055550",21996,24941,23711,298597,179522,13283,181744,318096,268588,32726,24460,20596,211230,24755,287798,20257,305149,115121,231980
535,"056190",413,713,394,4617,2227,180,2023,6278,3565,889,308,631,2283,420,3730,498,4775,1712,2640
55,"056360",75,29,5,657,479,22,454,827,570,17,93,63,497,70,600,46,720,394,498
103,"057030",10,35,65,635,542,106,523,584,523,62,1,36,410,98,637,84,613,489,828
468,"057050",1478,1040,1277,11552,2361,955,1763,13569,8693,1519,1111,1955,3219,506,9747,591,12655,1350,7205
63,"058400",56,262,76,1690,1083,68,1002,1749,1381,85,69,119,1135,67,1614,65,1717,831,1307
129,"058470",309,249,173,1394,740,92,624,1781,1044,193,326,262,785,128,1216,128,1563,567,975
90,"058850",133,177,152,1229,700,123,704,1526,1156,194,135,125,821,70,1227,10,1475,644,1139
89,"058860",94,183,172,1316,661,143,568,1558,1213,216,150,138,805,135,1244,103,1480,440,1079
5,"059120",29,29,13,157,44,4,25,248,99,27,14,33,47,2,125,1,252,22,60
829,"060980",10815,1621,1947,17187,7730,1091,5761,9427,14108,2251,797,1777,8909,1186,15674,413,9452,4956,12492
45,"061250",41,51,41,863,489,43,454,989,695,47,55,42,614,49,822,51,891,458,653
10,"063080",229,224,148,1665,145,118,93,2124,683,161,200,140,386,14,908,53,1937,79,534
63,"063570",148,38,85,854,561,118,511,1043,740,57,94,54,679,98,767,86,896,435,724
18,"064480",38,55,41,362,173,70,107,431,239,21,63,62,235,32,281,24,382,74,246
55,"064760",47,68,105,779,398,58,351,940,730,121,132,19,442,70,774,63,823,291,543
100,"064960",635,157,382,6602,3647,99,1904,7689,4832,407,974,299,3587,465,4901,380,6602,1459,4107
37,"065130",22,25,75,1284,808,131,810,1444,1252,53,106,25,1110,28,1197,52,1315,854,1199
19,"065510",16,118,67,653,234,68,192,742,517,95,74,3,312,25,653,41,651,173,379
60,"065530",146,97,37,623,428,31,472,784,485,58,82,94,440,45,556,42,728,453,447
26,"065570",68,82,78,709,352,78,301,801,546,80,61,77,400,23,610,78,759,291,461
71,"065680",87,87,268,1663,497,287,448,1716,1481,102,129,137,813,116,1549,91,1719,345,1392
47,"065710",24,9,10,480,439,66,248,509,463,6,29,16,476,36,470,208,499,228,478
26,"066310",32,20,47,483,281,1,273,522,372,44,14,37,323,9,445,13,510,271,334
33,"066620",109,83,55,656,350,51,332,833,481,61,108,109,389,46,576,38,744,296,431
25,"066670",157,170,103,1146,454,123,464,1423,732,60,150,266,576,38,894,4,1299,444,681
23,"067160",28,20,72,370,428,61,432,481,271,6,41,2,507,25,320,43,429,153,567
33,"067170",21,7,11,1021,218,18,211,1059,971,394,34,13,307,29,1000,22,1040,193,376
84,"067280",104,49,39,1096,726,54,682,651,848,52,105,63,771,110,871,58,1183,583,800
54,"067830",252,180,108,2874,1295,82,1307,3364,2509,160,257,216,2368,36,2659,2,3110,1267,2469
10,"068240",60,55,54,525,90,33,83,1322,387,37,82,56,126,5,433,7,637,78,341
19,"068270",1175,1744,1084,10871,2197,585,266,18098,8995,1678,1583,1025,2857,21,10501,146,13478,236,7799
42,"068290",69,39,75,927,582,91,544,1014,706,64,67,56,670,30,735,54,980,547,737
10,"068330",19,15,21,223,144,27,140,243,198,8,24,10,171,19,213,16,243,68,190
73,"068400",190,173,109,1902,711,38,733,2274,1142,142,171,180,766,74,1693,5,2087,607,1027
151,"069260",380,522,678,4636,2036,665,1934,4729,4445,536,342,503,2928,283,4573,402,4731,1707,4139
7,"069510",130,88,224,902,374,117,293,1119,794,121,142,101,465,64,837,48,1007,235,656
0,"069620",580,507,495,3866,2696,327,2125,4555,3224,176,305,335,2788,485,3624,588,4380,0,3142
64,"069640",18,94,131,1436,676,111,675,1518,1300,131,36,90,790,77,1370,11,1479,603,919
14,"069730",73,12,150,1014,857,199,546,1181,1002,94,99,18,1036,67,1003,234,1088,306,1186
2999,"069960",2910,3644,5125,35461,25987,4123,23067,40309,28924,3945,2803,3376,28672,3127,32365,3784,37890,20415,38764
23,"071850",76,68,57,764,427,13,186,1050,693,61,98,95,501,31,675,8,976,150,559
24,"072020",43,44,46,481,290,53,245,549,401,24,33,44,340,35,441,47,520,161,382
1347,"072710",256,152,1508,7280,13298,1534,12215,7795,6997,426,476,489,14596,1182,6949,1054,7402,11541,15785
265,"072870",401,529,614,3927,1670,683,1610,2877,3439,712,1206,412,2353,462,3701,515,4228,1154,2859
11,"072950",63,30,41,348,158,35,125,494,287,39,28,13,202,15,343,27,474,110,239
29,"073070",62,43,40,401,253,30,238,452,395,18,36,20,295,25,389,19,428,216,334
50,"073110",227,91,189,926,392,104,362,1231,738,91,69,155,472,40,793,34,1165,131,648
70,"075130",7,73,39,757,595,25,545,758,573,32,38,51,567,35,710,42,731,556,589
137,"075180",238,112,112,1563,858,91,933,1978,1311,136,248,212,966,177,1363,170,1766,779,1169
91,"077500",155,181,96,1557,910,110,696,1871,1082,124,23,272,1039,130,1253,158,1845,522,1068
83,"078000",76,68,31,965,957,57,965,1045,892,56,78,108,941,76,858,78,1002,1008,902
0,"078020",27,303,260,3165,1025,211,814,3277,2996,301,223,91,2220,83,3273,183,3093,0,2698
140,"078070",212,150,203,1608,667,263,549,2044,1271,160,295,214,1006,185,1416,130,1800,365,1209
16,"078140",57,35,33,442,182,34,161,563,366,32,75,53,213,17,395,23,494,147,252
37,"078340",792,205,40,1079,499,59,445,5090,700,41,1258,193,572,65,911,78,2106,217,622
30,"079000",69,33,48,558,351,43,307,672,505,82,52,33,386,37,532,51,627,277,426
235,"079160",160,550,323,3786,2015,401,1867,4452,3078,150,522,121,2361,112,3480,191,3912,1833,2644
131,"079430",269,36,183,1929,1196,202,1067,2458,1882,70,288,73,1357,158,1884,181,2189,949,1480
1,"079650",135,118,12,646,292,35,256,954,432,73,179,102,323,33,547,36,779,223,335
20,"079940",68,94,53,686,257,44,215,841,487,70,85,95,311,30,589,29,755,106,356
106,"079960",105,120,119,1543,815,118,721,1794,1284,232,176,271,884,120,1271,75,1625,623,912
7,"079970",24,31,22,232,73,21,57,294,166,24,18,30,95,3,197,16,269,53,146
36,"080010",24,24,52,584,447,36,266,630,555,29,27,18,479,40,568,36,605,226,532
82,"080160",140,176,160,898,492,12,576,997,735,138,128,153,502,114,842,6,1091,480,658
137,"080420",184,143,79,1018,492,107,468,1139,710,177,112,186,605,39,824,29,1083,505,579
22,"080470",22,62,24,446,188,18,167,468,324,45,12,40,200,22,378,14,462,149,263
24,"080520",78,89,153,922,305,80,244,1052,744,58,92,109,380,38,821,46,986,111,644
25,"081150",16,27,43,538,205,41,169,686,476,46,8,6,309,52,531,36,548,87,354
36,"081580",101,43,18,644,351,88,265,888,526,74,109,71,432,43,591,91,729,130,443
22,"081970",10,27,27,334,198,29,173,350,295,31,4,15,227,29,322,26,344,64,254
0,"082640",761,984,1065,16106,5440,338,4355,18060,11419,1640,1670,1569,6578,654,11814,819,13538,0,10341
0,"082920",62,73,67,604,96,60,87,639,465,69,9,72,157,1,504,10,639,0,395
39,"083420",130,117,53,1062,459,87,469,1159,903,109,35,107,516,54,986,11,1158,430,733
25,"083640",24,15,24,313,185,28,200,480,276,26,22,33,204,32,270,2,385,177,220
35,"085810",130,45,33,866,395,70,345,963,282,72,4,160,468,22,371,51,969,321,468
670,"086280",5362,4977,2662,23338,6289,1923,5216,30968,14917,3588,3768,4813,8356,819,19193,1176,27711,4397,11204
67,"086450",210,223,169,1622,860,129,815,2006,1310,202,272,167,997,103,1477,102,1766,486,1132
29,"086670",41,12,36,527,270,12,264,573,407,32,24,33,300,33,416,31,567,115,347
10409,"086790",9798,17078,10002,208896,93002,2964,95694,229717,148209,13031,9543,9930,98919,13152,203742,4837,218936,80063,113709
13,"086900",436,154,104,607,189,88,138,1135,411,74,423,143,270,15,552,48,816,109,367
65,"086960",103,101,78,791,315,57,434,974,594,97,110,89,382,36,718,38,885,438,535
0,"088350",3551,5120,4097,70483,37057,801,34942,86522,63318,4797,4051,4909,36580,2239,65171,3738,69865,0,58314
29,"088910",17,24,215,1215,570,193,464,1314,1086,92,83,105,765,9,1097,109,1231,453,994
26,"089140",32,24,25,265,192,11,179,300,238,31,14,28,199,27,242,21,291,159,219
69,"089150",23,42,30,391,329,14,335,385,357,18,12,24,330,49,376,34,394,301,353
43,"089470",279,190,106,1498,863,85,853,2187,1135,139,449,221,905,63,1290,80,1789,432,995
26,"089600",80,65,48,562,261,23,92,695,386,60,99,56,284,29,436,35,626,70,332
30,"089980",40,44,50,805,223,45,272,926,723,56,79,70,450,17,744,23,843,266,492
26,"090150",8,39,22,402,262,15,242,417,340,28,9,28,271,27,380,20,408,214,297
51,"090350",153,46,63,2306,1566,27,1536,2712,2241,89,327,118,1574,48,2227,48,2413,1508,1621
561,"090430",3851,2684,2845,25681,11153,2259,9533,33723,21383,3273,5848,2674,12997,1779,23438,1702,28783,7979,15580
52,"090740",28,38,56,736,471,57,407,771,712,17,39,59,519,47,729,56,753,253,658
35,"091120",103,196,9,858,251,26,189,1143,331,25,123,231,276,37,608,54,998,122,287
33,"091340",14,0,42,451,339,32,320,489,426,16,18,41,384,29,415,40,460,93,414
33,"091440",22,9,19,239,186,16,130,271,230,8,8,3,202,33,236,12,261,97,225
66,"091590",59,72,86,1161,1525,194,976,1222,1016,83,22,61,1741,108,1115,162,1209,595,1787
56,"091700",494,713,201,3035,693,228,509,3626,1422,243,456,1104,907,97,1978,166,3360,356,1152
0,"092130",60,56,43,207,58,37,42,291,222,58,65,3,200,16,240,18,265,0,209
329,"092230",381,428,887,8593,4386,836,4448,8986,8489,627,615,62,5813,881,8843,308,8588,3456,9064
0,"092440",197,85,155,2018,1390,108,952,2288,1811,160,181,161,1585,111,1930,121,2164,0,1698
34,"092460",43,27,62,549,350,87,327,658,503,37,57,10,470,52,535,75,586,127,485
0,"092730",19,9,21,299,186,33,186,311,295,13,26,6,206,35,299,18,303,0,284
157,"093050",811,567,922,9149,4996,715,4374,10176,8249,937,506,649,5579,657,8747,727,9830,3742,6392
0,"093190",170,120,110,708,285,63,136,963,504,105,129,120,315,9,609,45,858,0,410
34,"093240",24,36,47,494,213,44,182,912,406,52,235,31,257,18,466,34,568,154,364
93,"093920",309,105,37,1187,702,48,592,1576,889,100,248,268,757,91,952,130,1418,346,777
24,"094820",53,5,21,587,354,120,238,613,603,47,29,44,542,40,573,126,615,108,547
13,"094840",147,171,86,1285,361,99,114,803,1001,61,128,124,894,40,1161,84,1436,74,961
32,"095190",22,41,41,598,362,3,324,622,505,22,16,23,389,44,581,43,631,155,479
88,"095340",81,103,47,856,517,4,496,1569,673,124,45,105,512,38,749,29,1293,187,554
29,"095910",29,103,81,814,298,80,295,885,655,7,32,87,503,35,765,11,832,102,615
51,"096240",85,96,9,674,543,35,343,557,639,108,10,91,628,65,674,109,587,265,557
28,"096610",32,47,64,491,234,48,180,538,402,75,22,55,276,35,442,56,518,105,334
12,"097870",68,42,23,436,255,9,101,562,356,56,69,52,291,26,393,28,506,73,308
24,"098120",83,54,23,321,140,17,107,421,225,50,33,54,156,16,272,16,397,84,176
29,"098460",221,152,158,983,347,12,148,1315,696,156,235,139,363,47,834,81,1158,99,552
9,"099320",18,48,16,432,272,38,140,481,369,43,44,32,318,48,410,31,446,85,332
22,"099440",26,15,25,610,184,12,156,841,440,37,34,49,207,43,479,28,817,110,219
28,"100120",106,55,73,620,201,57,138,847,492,66,158,94,347,45,536,62,709,91,426
144,"100220",105,169,110,1514,1067,118,433,1722,1242,131,169,134,1078,136,1386,88,1558,286,1172
25,"100660",17,55,33,541,237,16,188,553,481,69,14,25,250,39,525,51,549,152,281
18,"100700",61,54,45,587,324,61,218,666,467,37,31,87,372,33,513,46,643,178,401
39,"101170",48,51,64,804,285,86,165,867,728,94,45,16,561,62,793,110,832,85,612
18,"101240",34,20,23,309,157,14,119,407,264,24,30,25,171,26,268,23,381,87,195
80,"101330",346,185,3,1070,320,163,224,1731,672,38,295,243,417,31,838,77,1419,189,594
16,"101670",5,19,37,296,181,49,113,303,282,30,10,12,224,24,289,37,296,88,250
21,"102120",68,60,52,636,158,27,122,740,502,34,65,89,222,24,556,36,693,78,261
39,"102210",38,84,109,1072,322,134,223,1209,926,88,96,46,750,65,989,91,1064,100,844
68,"102460",116,170,200,1404,429,163,373,2178,1055,198,113,113,598,61,1264,81,1555,238,883
54,"102710",78,133,136,1093,286,117,213,1457,773,125,290,67,545,59,1009,72,1165,155,662
21,"102940",59,189,86,1236,243,88,167,1354,733,112,8,172,493,35,1067,76,1362,121,578
4,"104040",33,37,21,288,129,19,115,363,223,38,40,32,162,19,263,16,320,94,181
6,"104460",37,18,69,528,91,118,47,574,562,76,15,7,415,20,527,43,568,27,465
13,"105740",57,75,38,679,93,46,78,761,445,79,40,54,138,22,637,4,739,57,323
38,"105840",19,80,110,1170,235,106,280,1281,975,134,138,33,474,43,1083,30,1171,241,867
10,"106190",78,77,132,858,126,93,79,972,704,105,65,105,220,14,771,47,921,64,595
12,"108230",67,83,123,1095,132,69,81,1485,916,192,126,110,400,19,1000,46,1118,42,779
49,"108320",322,411,404,2739,522,385,236,3476,2209,329,485,320,926,61,2558,237,2988,175,2038
59,"108380",142,135,100,1240,420,98,309,1556,956,102,171,150,517,69,1087,81,1392,235,619
19,"109860",75,161,64,875,306,64,202,983,698,109,80,74,549,30,847,131,943,123,642
19,"111870",16,68,142,807,240,120,141,831,727,90,62,56,372,31,774,65,796,117,677
35,"114090",1165,1441,715,3955,989,1009,687,4562,2213,633,917,1376,1910,411,3314,602,4314,275,2046
6,"114630",46,47,42,583,131,47,65,648,507,70,35,23,186,15,569,47,609,51,387
2,"115310",122,100,82,518,80,66,43,645,386,94,96,117,146,20,436,35,602,23,342
110,"115390",150,598,681,6153,1218,477,820,6399,5627,506,125,450,1721,162,5850,199,6304,294,3892
9,"115500",24,18,7,173,103,21,93,176,158,11,10,14,114,33,171,26,182,60,150
27,"119500",4,45,33,376,127,25,103,385,326,52,9,14,151,21,371,29,377,86,285
16,"120240",65,36,50,658,262,49,114,799,546,68,77,98,281,13,560,22,711,102,506
140,"122900",441,387,307,3448,780,211,661,4490,2875,345,496,386,978,140,3180,133,4331,535,2621
8,"123100",30,87,59,579,91,1,89,651,403,92,25,5,92,3,609,2,613,74,161
