"CODE","NAME","TOTALSTOCK"
"000020","동화약품",27931470
"000030","우리은행",676000000
"000040","KR모터스",175905372
"000050","경방",2741527
"000060","메리츠화재",110338000
"000070","삼양홀딩스",8564271
"000075","삼양홀딩스우",304058
"000080","하이트진로",70133611
"000087","하이트진로2우B",1130138
"000100","유한양행",11152546
"000105","유한양행우",236188
"000120","CJ대한통운",22812344
"000140","하이트진로홀딩스",23206765
"000760","이화산업",2800000
"000810","삼성화재",47374837
"000815","삼성화재우",3192000
"000850","화천기공",2200000
"000860","강남제비스코",6500000
"000880","한화",74958735
"000885","한화우",479294
"000890","보해양조",95796397
"000910","유니온",15611619
"000950","전방",1680000
"000970","한국주철관",22800500
"000990","동부하이텍",44367832
"000995","동부하이텍1우",112316
"001020","페이퍼코리아",160162357
"001040","CJ",29155298
"001045","CJ우",2260223
"001060","JW중외제약",18742676
"001065","JW중외제약우",157763
"001067","JW중외제약2우B",82805
"001070","대한방직",1060000
"001080","만호제강",4150000
"001120","LG상사",38760000
"001130","대한제분",1690000
"001140","국보",1027304
"001200","유진투자증권",96866418
"001210","금호전기",6916051
"001230","동국제강",95380849
"001250","GS글로벌",82533764
"001260","남광토건",9796455
"001270","부국증권",10369886
"001275","부국증권우",3000000
"001290","골든브릿지증권",63737067
"001340","백광산업",44918407
"001360","삼성제약",30713570
"001380","SG충방",41747470
"001390","KG케미칼",11478870
"001420","태원물산",7600000
"001430","세아베스틸",35862119
"001440","대한전선",856473009
"001450","현대해상",89400000
"001460","BYC",624615
"001465","BYC우",215385
"001470","삼부토건",6228585
"001500","HMC투자증권",29337111
"001510","SK증권",320117171
"001515","SK증권우",3912514
"001520","동양",238684063
"001525","동양우",617731
"001527","동양2우B",308569
"001529","동양3우B",89722
"001530","동일방직",2294311
"001550","조비",4008932
"001560","제일연마",10000000
"001570","금양",39353308
"001620","동국실업",26334520
"001630","종근당홀딩스",4477766
"001680","대상",34411575
"001685","대상우",1370223
"001689","대상3우B",236450
"001720","신영증권",9386237
"001725","신영증권우",7053763
"001740","SK네트웍스",248187647
"001745","SK네트웍스우",113648
"001750","한양증권",12728534
"001755","한양증권우",525000
"001770","신화실업",1214878
"001780","알루코",65553378
"001790","대한제당",8840002
"001795","대한제당우",648276
"001799","대한제당3우B",129656
"001800","오리온",5976091
"001820","삼화콘덴서",10395000
"001880","삼호",15179766
"001940","KISCO홀딩스",3695276
"002000","한국유리",10079660
"002005","한국유리우",454767
"002020","코오롱",12061185
"002025","코오롱우",1076390
"002030","아세아",2191024
"002070","남영비비안",6867945
"002100","경농",21691750
"002140","고려산업",24939425
"002150","도화엔지니어링",33720000
"002170","삼양통상",3000000
"002200","수출포장",4000000
"002210","동성제약",22404756
"002220","한일철강",2040000
"002240","고려제강",18000000
"002250","알보젠코리아",11857922
"002270","롯데푸드",1369436
"002300","한국제지",5004949
"002310","아세아제지",8956502
"002320","한진",11974656
"002350","넥센타이어",96415877
"002355","넥센타이어1우B",6500000
"002360","SH에너지화학",111133730
"002380","KCC",10556513
"002390","한독",12594080
"002410","범양건영",4752587
"002420","세기상사",407592
"002450","삼익악기",83864249
"002460","화성산업",12450800
"002550","KB손해보험",60000000
"002600","조흥",600000
"002620","제일약품",14850000
"002630","오리엔트바이오",155299535
"002690","동일제강",15000000
"002700","신일산업",71047521
"002710","TCC동양",22342500
"002720","국제약품",16607318
"002760","보락",11980000
"002780","진흥기업",152562189
"002785","진흥기업우B",857218
"002787","진흥기업2우B",294808
"002790","아모레G",79790980
"002795","아모레G우",6443770
"002810","삼영무역",16466623
"002820","선창산업",12607989
"002840","미원상사",881614
"002870","신풍제지",3495870
"002880","대유에이텍",91447161
"002900","동양물산",65388900
"002920","유성기업",25947500
"002960","한국쉘석유",1300000
"002990","금호산업",35090993
"002995","금호산업우",292266
"003000","부광약품",37348521
"003010","혜인",12712747
"003030","세아제강",6000000
"003060","슈넬생명과학",80872947
"003070","코오롱글로벌",16570088
"003075","코오롱글로벌우",312803
"003080","성보화학",20020000
"003090","대웅",11628396
"003120","일성신약",2660000
"003160","디아이",31496785
"003200","일신방직",2400000
"003220","대원제약",17681504
"003230","삼양식품",7533015
"003240","태광산업",1113400
"003280","흥아해운",102713430
"003300","한일시멘트",7545313
"003350","한국화장품제조",4532000
"003410","쌍용양회",74660436
"003415","쌍용양회우",308737
"003419","쌍용양회3우B",158805
"003450","현대증권",236612530
"003460","유화증권",11340483
"003465","유화증권우",3495285
"003470","유안타증권",199577435
"003475","유안타증권우",12912212
"003480","한진중공업홀딩스",29529812
"003490","대한항공",72839744
"003495","대한항공우",1110794
"003520","영진약품",177620000
"003530","한화투자증권",83355651
"003535","한화투자증권우",4800000
"003540","대신증권",50773400
"003545","대신증권우",26000000
"003547","대신증권2우B",10000000
"003550","LG",172557131
"003555","LG우",3314677
"003560","IHQ",143556056
"003570","S&T중공업",32473439
"003580","동원",6393588
"003610","방림",4231409
"003620","쌍용차",137220096
"003650","미창석유",1739672
"003680","한성기업",5477951
"003690","코리안리",120369116
"003720","삼영화학",34000000
"003780","진양산업",13000000
"003830","대한화섬",1328000
"003850","보령제약",8430000
"003920","남양유업",720000
"003925","남양유업우",166662
"003960","사조대림",5960575
"004000","롯데정밀화학",25800000
"004020","현대제철",133445785
"004060","SG세계물산",202424960
"004080","신흥",9600000
"004090","한국석유",655200
"004100","태양금속",36700000
"004105","태양금속우",3300000
"004130","대덕GDS",20575613
"004135","대덕GDS우",2160000
"004140","동방",21523970
"004150","한솔홀딩스",45712590
"004170","신세계",9845181
"004200","고려개발",21550000
"004250","NPC",36720000
"004255","NPC우",5280000
"004270","남성",36212160
"004310","현대약품",28000000
"004360","세방",19308690
"004365","세방우",3689250
"004370","농심",6082642
"004380","삼익THK",21000000
"004410","서울식품",13216400
"004415","서울식품우",88980
"004430","송원산업",24000000
"004440","대림씨엔에스",12731947
"004450","삼화왕관",2154379
"004490","세방전지",14000000
"004540","깨끗한나라",37228965
"004545","깨끗한나라우",366160
"004560","현대비앤지스틸",15078811
"004565","현대비앤지스틸우",109852
"004690","삼천리",4055025
"004700","조광피혁",6649138
"004710","한솔테크닉스",22109878
"004720","우리들제약",9427358
"004740","보루네오",39986091
"004770","써니전자",26460000
"004800","효성",35117455
"004830","덕성",15680000
"004835","덕성우",1392000
"004840","DRB동일",18510000
"004870","티웨이홀딩스",16250814
"004890","동일산업",2425215
"004910","조광페인트",12800000
"004920","씨아이테크",38841948
"004960","한신공영",9908391
"004970","신라교역",16000000
"004980","성신양회",24008482
"004985","성신양회우",735645
"004987","성신양회2우B",220693
"004989","성신양회3우B",286898
"004990","롯데제과",14214000
"005010","휴스틸",6918617
"005030","부산주공",22600000
"005070","코스모신소재",14987968
"005090","삼광글라스",4854418
"005110","한창",34458589
"005180","빙그레",9851241
"005190","동성화학",5304983
"005250","녹십자홀딩스",47028210
"005255","녹십자홀딩스1우",1668870
"005257","녹십자홀딩스2우",845990
"005300","롯데칠성",1237203
"005305","롯데칠성우",120000
"005320","국동",5866627
"005360","모나미",18897307
"005380","현대차",220276479
"005385","현대차우",25109982
"005387","현대차2우B",37613865
"005389","현대차3우B",2478299
"005390","신성통상",143708390
"005420","코스모화학",13328444
"005430","한국공항",3166355
"005440","현대그린푸드",97704482
"005450","신한",7022839
"005490","POSCO",87186835
"005500","삼진제약",13900000
"005610","삼립식품",8629009
"005620","대성합동지주",1799077
"005680","삼영전자",20000000
"005690","파미셀",57485213
"005720","넥센",50880170
"005725","넥센우",3600600
"005740","크라운제과",14735240
"005745","크라운제우",910150
"005750","대림B&Co",15501672
"005800","신영와코루",900000
"005810","풍산홀딩스",7835167
"005820","원림",2200000
"005830","동부화재",70800000
"005850","에스엘",33865090
"005870","휴니드",13488015
"005880","대한해운",24426504
"005930","삼성전자",142969337
"005935","삼성전자우",21063427
"005940","NH투자증권",281408887
"005945","NH투자증권우",18870968
"005950","이수화학",15278000
"005960","동부건설",8540277
"005965","동부건설우",290886
"005980","성지건설",9748164
"006040","동원산업",3363200
"006060","화승인더",55320000
"006090","사조오양",9422739
"006110","삼아알미늄",11000000
"006120","SK케미칼",24303255
"006125","SK케미칼우",2817125
"006200","한국전자홀딩스",46803136
"006220","제주은행",22128774
"006260","LS",32200000
"006280","녹십자",11686538
"006340","대원전선",68107171
"006345","대원전선우",2621200
"006360","GS건설",71000000
"006370","대구백화점",10821611
"006380","카프로",40000000
"006390","현대시멘트",10485141
"006400","삼성SDI",68764530
"006405","삼성SDI우",1617896
"006490","인스코비",79874699
"006570","대림통상",15225000
"006650","대한유화",6500000
"006660","삼성공조",8126314
"006740","영풍제지",22200000
"006800","미래에셋대우",326700891
"006805","미래에셋대우우",14075750
"006840","AK홀딩스",13247561
"006880","신송홀딩스",11828858
"006890","태경화학",11600000
"006980","우성사료",30900000
"007070","GS리테일",77000000
"007110","일신석재",77456610
"007120","미래아이앤지",58156940
"007160","사조산업",5000000
"007190","한솔아트원제지",38478081
"007197","한솔아트원제지2우B",467715
"007210","벽산",68560000
"007280","한국특수형강",10000000
"007310","오뚜기",3440000
"007340","동아타이어",23727020
"007460","나라케이아이씨",15967028
"007540","샘표식품",4444000
"007570","일양약품",19045984
"007575","일양약품우",445080
"007590","동방아그로",13617577
"007610","선도전기",18000000
"007630","지에스인스트루",12525198
"007660","이수페타시스",41268398
"007690","국도화학",5810616
"007700","F&F",15400000
"007810","코리아써키트",23620751
"007815","코리아써우",2964690
"00781K","코리아써키트2우B",783699
"007860","서연",22485004
"007980","태평양물산",39731781
"008000","도레이케미칼",46363851
"008040","사조동아원",65180349
"008060","대덕전자",48796300
"008110","대동전자",10490447
"008250","이건산업",9373525
"008260","NI스틸",28426850
"008350","남선알미늄",110179090
"008355","남선알미우",307890
"008420","문배철강",20503505
"008490","서흥",11569113
"008500","일정실업",1200000
"008560","메리츠종금증권",496638534
"008600","윌비스",57000000
"008700","아남전자",77124820
"008730","율촌화학",24800000
"008770","호텔신라",39248121
"008775","호텔신라우",751879
"008870","금비",1000000
"008930","한미사이언스",58290309
"008970","동양철관",81451824
"009070","KCTC",30000000
"009140","경인전자",1570797
"009150","삼성전기",74693696
"009155","삼성전기우",2906984
"009160","SIMPAC",29084925
"009180","한솔로지스틱스",16477425
"009190","대양금속",12317933
"009200","무림페이퍼",41609310
"009240","한샘",23533928
"009270","신원",63303370
"009275","신원우",90740
"009290","광동제약",52420851
"009310","참엔지니어링",49189958
"009320","대우부품",44922151
"009410","태영건설",76400000
"009415","태영건설우",2557480
"009420","한올바이오파마",52240638
"009440","KC그린홀딩스",22434980
"009450","경동나비엔",12739510
"009460","한창제지",59667486
"009470","삼화전기",6613820
"009540","현대중공업",76000000
"009580","무림P&P",62368324
"009680","모토닉",33000000
"009770","삼정펄프",2499971
"009810","고려포리머",35857536
"009830","한화케미칼",164809359
"009835","한화케미칼우",1123737
"009970","영원무역홀딩스",13635592
"010040","한국내화",22863632
"010050","우리종금",474203406
"010060","OCI",23849371
"010100","한국프랜지",6090084
"010120","LS산전",30000000
"010130","고려아연",18870000
"010140","삼성중공업",230875386
"010145","삼성중공우",114845
"010420","한솔PNS",27590997
"010580","지코",27712680
"010600","와이비로드",15249884
"010620","현대미포조선",20000000
"010640","진양폴리",10000000
"010660","화천기계",2200000
"010690","화신",34920410
"010770","평화홀딩스",14625466
"010780","아이에스동서",29801761
"010820","퍼스텍",46764840
"010950","S-Oil",112582792
"010955","S-Oil우",4021927
"010960","삼호개발",25000000
"011000","진원생명과학",16127363
"011070","LG이노텍",23667107
"011090","에넥스",59991641
"011150","CJ씨푸드",35930773
"011155","CJ씨푸드1우",200000
"011160","두산건설",59627240
"011170","롯데케미칼",34275419
"011200","현대상선",32784609
"011210","현대위아",27195083
"011230","삼화전자",14273820
"011280","태림포장",70805940
"011300","성안",56857860
"011330","유니켐",50980259
"011390","부산산업",1056000
"011420","갤럭시아에스엠",27549644
"011500","한농화성",15637042
"011690","유양디앤유",37372340
"011700","한신기계",32446151
"011720","현대페인트",31026596
"011760","현대상사",13228966
"011780","금호석유",30467691
"011785","금호석유우",3023486
"011790","SKC",37534555
"011810","STX",29879710
"011930","신성솔라에너지",100525800
"012030","동부",182126320
"012160","영흥철강",94826509
"012170","키스톤글로벌",135172196
"012200","계양전기",32600000
"012205","계양전기우",1400000
"012280","영화금속",45451006
"012320","경동가스",3484800
"012330","현대모비스",97343863
"012450","한화테크윈",53130000
"012510","더존비즈온",29672700
"012600","청호컴넷",8376352
"012610","경인양행",40396365
"012630","현대산업",75384180
"012690","모나리자",36571255
"012750","에스원",37999178
"012800","대창",91140499
"013000","세우글로벌",23690705
"013360","일성건설",5340364
"013367","일성건설2우B",62124
"013520","화승알앤에이",6456121
"013570","디와이",26319633
"013580","계룡건설",8930907
"013700","까뮤이앤씨",4515228
"013870","지엠비코리아",19072280
"014130","한익스프레스",1200000
"014160","대영포장",105646561
"014280","금강공업",4855964
"014285","금강공업우",117975
"014440","영보화학",20000000
"014530","극동유화",34869420
"014580","백광소재",27583100
"014680","한솔케미칼",11295195
"014710","사조씨푸드",17218543
"014790","한라",36494942
"014820","동원시스템즈",24079554
"014825","동원시스템즈우",265358
"014830","유니드",8889843
"014910","성문전자",16554309
"014915","성문전자우",600000
"014990","인디에프",58932995
"015020","이스타코",42851600
"015230","대창단조",2000000
"015260","에이엔피",48113441
"015350","부산가스",11000000
"015360","예스코",6000000
"015540","핫텍",30491965
"015590","대경기계",70739890
"015760","한국전력",641964077
"015860","일진홀딩스",49347483
"015890","태경산업",29228750
"016090","대현",45282310
"016360","삼성증권",76435165
"016380","동부제철",25000122
"016385","동부제철우",160334
"016450","한세예스24홀딩스",40000000
"016580","환인제약",18600070
"016590","신대양제지",3869237
"016610","동부증권",42446389
"016710","대성홀딩스",16089459
"016800","퍼시스",11500000
"016880","웅진",60070918
"017040","광명전기",43337615
"017180","명문제약",18730000
"017370","우신시스템",16420181
"017390","서울가스",5000000
"017550","수산중공업",50450590
"017670","SK텔레콤",80745711
"017800","현대엘리베이",24632513
"017810","풀무원",3809095
"017900","광전자",57943763
"017940","E1",6860000
"017960","한국카본",43960757
"018260","삼성에스디에스",77377800
"018470","조일알미늄",69600000
"018500","동원금속",34290117
"018670","SK가스",8881471
"018880","한온시스템",533800000
"019170","신풍제약",52984990
"019175","신풍제약우",2200000
"019180","티에이치엔",18000000
"019300","태림페이퍼",39690000
"019440","세아특수강",8570000
"019490","하이트론",5530735
"019680","대교",84702850
"019685","대교우B",19426990
"020000","한섬",24630000
"020120","다우인큐브",15832549
"020150","일진머티리얼즈",39200000
"020560","아시아나항공",195101365
"020760","일진디스플",28314440
"021050","서원",47474590
"021240","코웨이",77124796
"021820","세원정공",10000000
"021960","케이비캐피탈",21492128
"023000","삼원강재",40000000
"023150","MH에탄올",7378526
"023350","한국종합기술",10950000
"023450","동남합성",1273345
"023530","롯데쇼핑",31490892
"023590","다우기술",44866617
"023800","인지컨트롤스",15160128
"023810","인팩",10000000
"023960","에쓰씨엔지니어링",10176982
"024070","WISCOM",15025920
"024090","디씨엠",11700000
"024110","기업은행",559978815
"024720","한국콜마홀딩스",16748936
"024890","대원화성",41249152
"024900","덕양산업",32564980
"025000","KPX케미칼",4840000
"025530","SJM홀딩스",14934008
"025540","한국단자",10415000
"025560","미래산업",514960258
"025620","SWH",23871355
"025750","한솔홈데코",76315252
"025820","이구산업",33442000
"025860","남해화학",49678843
"025890","한국주강",11309259
"026890","디피씨",41678175
"026940","부국철강",20000000
"026960","동서",99700000
"027740","마니커",83375477
"027970","세하",19682220
"028050","삼성엔지니어링",196000000
"028100","동아지질",11500000
"028260","삼성물산",189690043
"02826K","삼성물산우B",1627440
"028670","팬오션",532329378
"029460","케이씨텍",33393384
"029530","신도리코",10080029
"029780","삼성카드",115858891
"030000","제일기획",115041225
"030200","KT",261111808
"030210","KTB투자증권",60314092
"030610","교보증권",36000000
"030720","동원수산",4059609
"030790","동양네트웍스",52734346
"031430","신세계인터내셔날",7140000
"031440","신세계푸드",3872480
"031820","콤텍시스템",31851466
"032350","롯데관광개발",30263349
"032560","황금에스티",14000000
"032640","LG유플러스",436611361
"032830","삼성생명",200000000
"033180","필룩스",25309239
"033240","자화전자",17900000
"033250","체시스",24000000
"033270","유나이티드제약",16207322
"033530","세종공업",20054430
"033660","아주캐피탈",57545890
"033780","KT&G",137292497
"033920","무학",28500000
"034020","두산중공업",106158256
"034120","SBS",18252582
"034220","LG디스플레이",357815700
"034300","신세계건설",4000000
"034310","NICE",37882300
"034590","인천도시가스",4374754
"034730","SK",70360297
"03473K","SK우",566135
"034830","한국토지신탁",252489230
"035000","지투알",16567409
"035150","백산",24200000
"035250","강원랜드",213940500
"035420","NAVER",32962679
"035510","신세계I&C",1720000
"036460","한국가스공사",92313000
"036530","S&T홀딩스",15830105
"036570","엔씨소프트",21929022
"036580","팜스코",36727943
"037270","YGPLUS",57510854
"037560","CJ헬로비전",77446865
"037620","미래에셋증권",114285871
"037710","광주신세계",1600000
"039130","하나투어",11616185
"039490","키움증권",22099740
"039570","아이콘트롤스",8230000
"041650","상신브레이크",21471450
"042660","대우조선해양",273415368
"042670","두산인프라코어",207455314
"042700","한미반도체",25432841
"044380","주연테크",57185711
"044450","KSS해운",11592940
"044820","코스맥스비티아이",9603921
"047040","대우건설",415622638
"047050","포스코대우",113876291
"047400","쌍용머티리얼",42000000
"047810","한국항공우주",97475107
"049770","동원F&B",3859124
"049800","우진플라임",10000000
"051600","한전KPS",45000000
"051630","진양화학",12000000
"051900","LG생활건강",15618197
"051905","LG생활건강우",2099697
"051910","LG화학",66271100
"051915","LG화학우",7628921
"052690","한전기술",38220000
"053210","스카이라이프",47821966
"053690","한미글로벌",10855588
"055550","신한지주",474199587
"057050","현대홈쇼핑",12000000
"058430","포스코강판",6000000
"058650","세아홀딩스",4000000
"058730","동아에스텍",15370000
"058850","KTcs",42685000
"058860","케이티스",34802000
"060980","한라홀딩스",10802691
"063160","종근당바이오",5229489
"064350","현대로템",85000000
"064960","S&T모티브",14403386
"066570","LG전자",163647814
"066575","LG전자우",17185992
"067830","세이브존I&C",41040895
"068290","삼성출판사",10000000
"068400","AJ렌터카",22146300
"068870","LG생명과학",16576990
"068875","LG생명과학우",236216
"069260","휴켐스",40878588
"069460","대호에이엘",27134839
"069620","대웅제약",11586575
"069640","엠케이트렌드",12649515
"069730","DSR제강",14400000
"069960","현대백화점",23402441
"070960","용평리조트",48133333
"071050","한국금융지주",55725992
"071055","한국금융지주우",5858251
"071090","하이스틸",1999944
"071320","지역난방공사",11578744
"071840","롯데하이마트",23607712
"071950","코아스",30907210
"071970","STX중공업",22325027
"072130","유엔젤",13195454
"072710","농심홀딩스",4637790
"073240","금호타이어",157993158
"074610","이엔쓰리",16453150
"075180","새론오토모티브",19200000
"075580","세진중공업",38292720
"077500","유니퀘스트",27019448
"077970","STX엔진",23008904
"078000","텔코웨어",9702706
"078520","에이블씨엔씨",15378717
"078930","GS",92915378
"078935","GS우",1784826
"079160","CJCGV",21161313
"079430","현대리바트",17261650
"079550","LIG넥스원",22000000
"079660","사조해표",7160000
"079980","휴비스",34500000
"081000","일진다이아",11277975
"081660","휠라코리아",11408014
"082640","동양생명",107572390
"082740","두산엔진",69500000
"083420","KPX그린케미칼",20000000
"084010","대한제강",24646734
"084670","동양고속",2652000
"084680","이월드",90509897
"084690","대상홀딩스",36212538
"084695","대상홀딩스우",913482
"084870","TBH글로벌",20856819
"085310","엔케이",48983352
"085620","미래에셋생명",145180000
"086280","현대글로비스",37500000
"086790","하나금융지주",296003062
"088350","한화생명",868530000
"088790","진도",12447744
"089470","현대EP",31900000
"089590","제주항공",25906758
"090080","평화산업",37403844
"090350","노루페인트",20000000
"090355","노루페인트우",463126
"090370","아비스타",16713979
"090430","아모레퍼시픽",58458490
"090435","아모레퍼시픽우",10557830
"091090","세원셀론텍",60593178
"092200","디아이씨",21700000
"092220","KEC",59047384
"092230","KPX홀딩스",4224646
"092440","기신정기",29200000
"093050","LF",29240000
"093230","이아이디",65581171
"093240","형지엘리트",17831138
"093370","후성",92399753
"094280","효성ITX",11558200
"095570","AJ네트웍스",9364459
"095720","웅진씽크빅",34621165
"096760","JW홀딩스",59441806
"096770","SK이노베이션",92465564
"096775","SK이노베이션우",1248426
"097230","한진중공업",102288465
"097950","CJ제일제당",13161098
"097955","CJ제일제당우",1327433
"100220","비상교육",12996741
"100250","진양홀딩스",55895292
"100840","S&TC",7084612
"101060","SBS미디어홀딩스",139896190
"101140","아티스",20027281
"101530","해태제과식품",29116822
"102260","동성코퍼레이션",45444970
"102280","쌍방울",129124213
"102460","이연제약",12900000
"103130","웅진에너지",108075159
"103140","풍산",28024278
"103590","일진전기",37080390
"104110","신성이엔지",19354144
"104120","신성에프에이",17726262
"104700","한국철강",9210000
"105560","KB금융",386351693
"105630","한세실업",40000000
"105840","우진",17360000
"107590","미원에스씨",709367
"108670","LG하우시스",8967670
"108675","LG하우시스우",1032330
"109070","KGP",37773517
"110570","넥솔론",160894907
"111770","영원무역",44311468
"112610","씨에스윈드",17285715
"114090","GKL",61855670
"115390","락앤락",55000000
"117580","대성에너지",27500000
"117930","한진해운",245269947
"118000","우리들휴브레인",17530676
"119650","KC코트렐",13000000
"120030","조선선재",1257651
"120110","코오롱인더",25120415
"120115","코오롱인더우",2767860
"122900","아이마켓코리아",35943340
"123690","한국화장품",16068000
"123700","SJM",15604898
"123890","한국자산신탁",85000000
"126560","현대에이치씨엔",107892760
"128820","대성산업",24087955
"128940","한미약품",10435111
"129260","인터지스",29742762
"130660","한전산업",32600000
"133820","화인베스틸",32100000
"134380","미원화학",2315000
"134790","팀스",2000000
"136490","선진",8140000
"138040","메리츠금융지주",142885818
"138250","엔에스쇼핑",3369600
"138490","코오롱플라스틱",38000000
"138930","BNK금융지주",325935246
"139130","DGB금융지주",169053154
"139480","이마트",27875819
"144620","코오롱머티리얼",9000000
"145210","세화아이엠씨",11882640
"145990","삼양사",10289803
"145995","삼양사우",370070
"152330","코리아오토글라스",20000000
"155660","DSR",16000000
"161000","애경유화",3204000
"161390","한국타이어",123875069
"161890","한국콜마",21100151
"163560","동일고무벨트",12270000
"170900","동아에스티",8443868
"175330","JB금융지주",155439423
"180640","한진칼",59170458
"18064K","한진칼우",536766
"181710","NHN엔터테인먼트",19565025
"183190","아세아시멘트",3295809
"185750","종근당",9409050
"192400","쿠쿠전자",9803360
"192530","광주은행",51316057
"192820","코스맥스",8999509
"214320","이노션",20000000
"214330","금호에이치티",9765000
"214390","경보제약",23906860
"214420","토니모리",11760000
"226320","잇츠스킨",17471300
"227840","현대씨앤에프",9100836
"000250","삼천당제약",21342456
"000440","중앙에너비스",1245426
"001000","신라섬유",24277540
"001540","안국약품",13042420
"001810","무림SP",22137500
"001840","이화공영",19805760
"002230","피에스텍",18756382
"002290","삼일기업공사",12400000
"002680","한탑",20800000
"003100","선광",6600000
"003310","대주산업",35392350
"003670","포스코켐텍",59070000
"003800","에이스침대",2218000
"004590","한국가구",1500000
"004650","창해에탄올",8444121
"004780","대륙제관",15903199
"005160","동국산업",50000000
"005290","동진쎄미켐",47432263
"005670","푸드웰",8000000
"005710","대원산업",18216000
"005860","한일사료",31930685
"005990","매일유업",13578608
"006050","국영지앤엠",33798753
"006140","피제이전자",10000000
"006580","대양제지",2685000
"006730","서부T&D",34332265
"006910","보성파워텍",37854719
"006920","모헨즈",10920000
"007330","푸른저축은행",15082800
"007370","진양제약",12000000
"007390","네이처셀",50809351
"007530","영신금속",6292968
"007720","대명코퍼레이션",100800450
"007770","한일화학",3510000
"007820","에스엠코어",15329745
"008290","원풍물산",36848572
"008370","원풍",12000000
"008470","부스타",8404800
"008800","행남자기",68235189
"008830","대동기어",898752
"009300","삼아제약",6370000
"009520","포스코엠텍",41642703
"009620","삼보산업",1400000
"009730","코센",37390687
"009780","엠에스씨",8800000
"010170","대한광통신",46962073
"010240","흥국",6161348
"010280","쌍용정보통신",40464034
"010470","오리콤",11498750
"011040","경동제약",13275000
"011080","형지I&C",32666368
"011320","유니크",19320695
"011370","서한",100894865
"011560","세보엠이씨",10530000
"012340","뉴인텍",38125160
"012620","원일특강",4400000
"012700","리드코프",26749230
"012790","신일제약",7900000
"012860","서연전자",27000000
"013030","하이록코리아",13613232
"013120","동원개발",90808100
"013310","아진산업",12598626
"013720","청보산업",7644589
"013810","스페코",13818790
"013990","아가방컴퍼니",32887536
"014100","보령메디앙스",11000000
"014190","원익큐브",27399906
"014200","광림",48498486
"014470","부방",36227481
"014570","고려제약",11000000
"014620","성광벤드",28600000
"014940","오리엔탈정공",40545960
"014970","삼륭물산",15125000
"015710","코콤",17530500
"015750","성우하이텍",60000000
"016100","리더스코스메틱",17939517
"016170","로엔",25291705
"016250","이테크건설",2800000
"016600","큐캐피탈",94296053
"016670","포비스티앤씨",39713462
"016920","카스",16174112
"017000","신원종합개발",10068027
"017250","인터엠",20004179
"017480","삼현철강",15702890
"017510","세명전기",15246000
"017650","대림제지",9000000
"017680","데코앤이",63202112
"017890","한국알콜",21605760
"018000","유니슨",60774446
"018120","진로발효",7524000
"018290","지엠피",9228902
"018310","삼목에스폼",9800000
"018620","우진비앤지",10725897
"018680","서울제약",7380737
"018700","바른손",11532127
"019010","그랜드백화점",4820000
"019210","와이지-원",24013230
"019540","일지테크",13513500
"019550","SBI인베스트먼트",162066575
"019570","제미니투자",40000000
"019590","엠벤처투자",98453756
"019660","글로본",28001047
"019770","서연탑메탈",11650000
"019990","에너토크",9756088
"020180","대신정보통신",38428915
"020400","대동금속",480000
"020710","시공테크",20047970
"021040","대호피앤씨",50112826
"021045","대호피앤씨우",4242466
"021080","에이티넘인베스트",48000000
"021320","KCC건설",21400000
"021650","한국큐빅",9890000
"025770","한국정보통신",38812743
"025870","신라에스지",4000000
"025880","케이씨피드",12423613
"025900","동화기업",14356756
"025950","동신건설",8400000
"025980","에머슨퍼시픽",16464183
"026040","제이에스티나",16503790
"026150","특수건설",9994814
"026180","현대정보기술",59537195
"026260","보타바이오",27851476
"026910","광진실업",6405405
"027040","서울전자통신",60541638
"027050","코리아나",40000000
"027580","상보",21647587
"027710","팜스토리",85793561
"027830","대성창투",40000000
"028040","스페로글로벌",17767539
"028080","휴맥스홀딩스",12577506
"028150","GS홈쇼핑",6562500
"028300","에이치엘비",35755809
"029480","바른테크놀로지",22555655
"029960","코엔텍",50000000
"030190","NICE평가정보",60714820
"030270","에스마크",29770822
"030350","드래곤플라이",14078923
"030520","한글과컴퓨터",23082211
"030530","원익홀딩스",39227190
"030960","양지사",15980000
"031310","아이즈비전",15772574
"031330","에스에이엠티",79996594
"031390","녹십자셀",11695939
"031510","오스템",26000000
"031860","에이모션",15726736
"031980","피에스케이",20331604
"032040","C&S자산관리",28554841
"032080","아즈텍WB",19959441
"032190","다우데이타",35700000
"032280","삼일",16213590
"032500","케이엠더블유",16100000
"032540","TJ미디어",13931609
"032580","피델릭스",20567273
"032620","유비케어",40286470
"032680","소프트센",30780260
"032685","소프트센우",142857
"032750","삼진",6000000
"032790","엠젠플러스",10502030
"032800","판타지오",49431127
"032820","우리기술",76854454
"032850","비트컴퓨터",16623293
"032860","GMR머티리얼즈",59957450
"032940","원익",12634432
"032960","동일기연",5776374
"032980","바이온",23074809
"033050","제이엠아이",32579342
"033100","제룡전기",16062409
"033110","이디",29188847
"033130","디지틀조선",37115267
"033160","엠케이전자",21807689
"033170","시그네틱스",85728319
"033200","모아텍",14331185
"033230","인성정보",16965620
"033290","코웰패션",93064397
"033310","디케이디앤아이",21972411
"033320","제이씨현시스템",19114432
"033340","좋은사람들",26412536
"033430","코리드",92481390
"033500","동성화인텍",26983609
"033540","파라텍",11214208
"033560","블루콤",19200000
"033600","이젠텍",11500000
"033640","네패스",21825174
"033790","서화정보통신",11411400
"033830","티비씨",10000000
"034230","파라다이스",90942672
"034810","해성산업",9780000
"034940","조아제약",28310231
"034950","한국기업평가",4540514
"035080","인터파크홀딩스",59000000
"035200","프럼파스트",7336264
"035290","에이원앤",19704041
"035460","기산텔레콤",14577340
"035480","마제스타",31021202
"035600","KG이니시스",26580081
"035610","솔본",27345997
"035620","바른손이앤에이",66777507
"035720","카카오",67510942
"035760","CJ오쇼핑",6215518
"035810","이지바이오",53005256
"035890","서희건설",159937200
"035900","JYPEnt.",34043012
"036000","예림당",23034277
"036010","아비코전자",13027347
"036030","KTH",35715022
"036090","위지트",64769749
"036120","SCI평가정보",35500000
"036170","씨티엘",48193109
"036180","영인프런티어",17600341
"036190","금화피에스시",6000000
"036200","유니셈",15770863
"036260","이매진아시아",16963377
"036420","제이콘텐트리",114068982
"036480","대성미생물",380000
"036490","SK머티리얼즈",10547673
"036500","에스에스컴텍",28896522
"036540","SFA반도체",130264584
"036560","영풍정밀",15750000
"036620","버추얼텍",14932858
"036630","세종텔레콤",300326126
"036640","HRS",16354800
"036670","KCI",11270000
"036690","코맥스",13733612
"036710","심텍홀딩스",34895833
"036800","나이스정보통신",10000000
"036810","에프에스티",16391611
"036830","솔브레인",16563161
"036890","진성티이씨",21241134
"036930","주성엔지니어링",48249212
"037070","파세코",13200000
"037230","한국팩키지",25000000
"037330","인지디스플레",35603146
"037340","씨엘인터내셔널",54783132
"037350","성도이엔지",15420000
"037370","EG",7500000
"037400","우리조명",24923346
"037440","희림",13922475
"037460","삼지전자",14295872
"037760","쎄니트",32384932
"037950","엘컴텍",82667519
"038010","제일테크노스",9000000
"038060","루멘스",47276784
"038070","서린바이오",5971894
"038110","에코플라스틱",22696398
"038290","마크로젠",8917579
"038340","리젠",46992667
"038390","레드캡투어",8589480
"038460","바이오스마트",17430967
"038500","동양시멘트",107357173
"038530","코아크로스",53869554
"038540","텍셀네트컴",46791876
"038620","위즈코프",31546865
"038680","에스넷",16075215
"038870","에코바이오",8916941
"038880","아이에이",35691713
"038950","파인디지털",10190765
"039010","현대통신",8625000
"039020","이건창호",14327078
"039030","이오테크닉스",12280626
"039200","오스코텍",25281966
"039230","솔브레인이엔지",36427443
"039240","경남스틸",5000000
"039290","인포뱅크",8693978
"039310","세중",18121667
"039340","한국경제TV",23000000
"039420","케이엘넷",24154730
"039440","에스티아이",12644670
"039560","다산네트웍스",19962332
"039610","화성",7280000
"039670","스포츠서울",14775989
"039740","한국정보공학",8018397
"039790","위노바",77215896
"039830","오로라",10762890
"039840","디오",15171403
"039860","나노엔텍",24438338
"039980","리노스",35996153
"040160","누리텔레콤",12055535
"040300","YTN",42000000
"040350","큐로컴",93029107
"040420","정상제이엘에스",15677552
"040610","SG&G",34087196
"040910","아이씨디",16450664
"041020","인프라웨어",18618160
"041140","넥슨지티",35373322
"041190","우리기술투자",84000000
"041440","에버다임",17915944
"041460","한국전자인증",21459249
"041510","에스엠",21755663
"041520","이라이콤",12188730
"041590","젬백스테크놀러지",26921029
"041830","인바디",13683782
"041910","에스텍파마",11435081
"041920","메디아나",8650496
"041930","동아화성",15800000
"041960","코미팜",54469756
"042040","케이피엠테크",8011096
"042110","에스씨디",48329564
"042370","비츠로테크",13481317
"042420","네오위즈홀딩스",9156866
"042500","링네트",14586878
"042510","라온시큐어",31809612
"042520","한스바이오메드",9857857
"042600","새로닉스",12423574
"042940","르네코",12904568
"043090","팜스웰바이오",23242637
"043100","솔고바이오",86683178
"043150","바텍",14854256
"043200","파루",27637269
"043220","위드윈네트웍",32226897
"043260","성호전자",29506142
"043290","케이맥",6838015
"043340","에쎈테크",72000000
"043360","디지아이",9000000
"043370","평화정공",21000000
"043580","에임하이",24154600
"043590","크로바하이텍",13000000
"043610","KT뮤직",41813833
"043650","국순당",17858304
"043710","서울리거",20445451
"043910","자연과환경",20449357
"044060","조광ILI",8940161
"044180","KD건설",152486194
"044340","위닉스",16358641
"044480","유니더스",8600000
"044490","태웅",18165368
"044780","에이치케이",18405787
"044960","이-글벳",11668434
"045060","오공",11521974
"045100","한양이엔지",18000000
"045300","성우테크론",8360090
"045340","토탈소프트",8558040
"045390","대아티아이",71151522
"045510","정원엔시스",28888259
"045520","크린앤사이언스",6500000
"045660","에이텍",8260000
"045890","동부라이텍",25638261
"045970","코아시아홀딩스",13222429
"046070","코다코",36343168
"046110","한일네트웍스",11954227
"046120","오르비텍",12874279
"046140","SBS콘텐츠허브",21463555
"046210","파나진",28648720
"046310","백금T&A",11451000
"046390","삼화네트웍스",42782933
"046440","KG모빌리언스",20711421
"046890","서울반도체",58305400
"046940","우원개발",14650592
"046970","우리로",16922032
"047080","한빛소프트",23145140
"047310","파워로직스",31881455
"047440","레이젠",16618129
"047560","이스트소프트",9899400
"047770","코데즈컴바인",37842602
"047820","초록뱀",49263122
"047920","씨트리",11330017
"048260","오스템임플란트",14285717
"048410","현대아이비티",30297753
"048430","유라테크",11520000
"048470","대동스틸",10000000
"048530","인트론바이오",15038462
"048550","SMC&C",69532552
"048770","TPC",12900000
"048830","엔피케이",12923923
"048870","코아로직",44385288
"048910","대원미디어",12047713
"049070","인탑스",8600000
"049080","기가레인",17704421
"049120","파인디앤씨",18563320
"049180","셀루메드",173025142
"049430","코메론",9048000
"049470","SGA",78744646
"049480","오픈베이스",31422383
"049520","유아이엘",11392470
"049550","잉크테크",8704376
"049630","재영솔루텍",31864445
"049720","고려신용정보",14300000
"049830","승일",6132112
"049950","미래컴퍼니",7660828
"049960","쎌바이오텍",9400000
"050090","휘닉스소재",56381871
"050110","캠시스",51394223
"050120","라이브플렉스",41621527
"050320","에스아이티글로벌",9591141
"050540","엠피씨",20286141
"050760","에스폴리텍",16334678
"050860","아세아텍",17500000
"050890","쏠리드",21475406
"051160","지어소프트",12590125
"051170","썬코어",34716085
"051360","토비스",16717058
"051370","인터플렉스",16380672
"051380","피씨디렉트",7403636
"051390","YW",11355368
"051490","나라엠앤디",14200000
"051500","CJ프레시웨이",11871586
"051780","큐로홀딩스",57830342
"051980","휴림스",18449870
"052020","에스티큐브",25681632
"052190","소프트맥스",6543734
"052220","iMBC",23000000
"052260","SK바이오랜드",15000000
"052270","우전",28728282
"052290","트레이스",40961256
"052300","W홀딩컴퍼니",86452650
"052330","코텍",15574552
"052400","코나아이",15559118
"052420","오성엘에스티",123955580
"052460","아이크래프트",8053968
"052600","한네트",11563700
"052670","제일바이오",15000000
"052710","아모텍",9743406
"052770","와이디온라인",22360686
"052790","액토즈소프트",11330638
"052860","아이앤씨",14542351
"052900","KMH하이텍",43755258
"053030","바이넥스",31213448
"053050","지에스이",27846057
"053060","세동",13468840
"053110","소리바다",35147880
"053160","프리엠스",6000000
"053260","금강철강",18720000
"053270","구영테크",19794174
"053280","예스24",17200000
"053290","능률교육",11549500
"053300","한국정보인증",26965000
"053350","이니텍",19790916
"053450","세코닉스",10925918
"053590","한국테크놀로지",36130264
"053610","프로텍",9000000
"053620","태양",8600000
"053660","현진소재",30473921
"053700","삼보모터스",12178935
"053800","안랩",10013855
"053810","아이팩토리",6280167
"053950","경남제약",11248376
"053980","오상자이엘",17747882
"054040","한국컴퓨터",16071290
"054050","농우바이오",14300000
"054090","삼진엘앤디",22863430
"054180","중앙오션",21860000
"054210","이랜텍",20478206
"054220","비츠로시스",40279128
"056730","아큐픽스",45864132
"057030","와이비엠넷",16312697
"057500","SKC솔믹스",44885557
"057540","옴니시스템",40679015
"057680","옴니텔",16329542
"057880","토필드",15985742
"058110","멕아이씨에스",5361500
"058220","아리온",11298423
"058370","금성테크",18850043
"058400","KNN",132429720
"058420","제이웨이",9695300
"058450","일야",9780000
"058470","리노공업",15242370
"058530","이큐스앤자루",30990733
"058610","에스피지",16182026
"058630","엠게임",19107750
"058820","CMG제약",88707244
"059090","미코",27498921
"059100","아이컴포넌트",6812543
"059120","아진엑스텍",5630000
"059210","메타바이오메드",21874423
"060150","인선이엔티",34125000
"060230","이그잭스",18192591
"060240","룽투코리아",18770196
"060250","NHN한국사이버결제",18074243
"060260","뉴보텍",24613919
"060280","큐렉소",26954866
"060300","레드로버",34019128
"060310","3S",41740793
"060370","KT서브마린",21900000
"060380","동양에스텍",10000000
"060480","국일신동",11090000
"060540","에스에이티",23976740
"060560","홈센타",27142566
"060570","아이리버",31096196
"060590","씨티씨바이오",17425133
"060720","KH바텍",20000000
"060900","퍼시픽바이오",33499270
"060910","프리젠",5330469
"061040","알에프텍",12700000
"061250","화일약품",14410958
"061460","한진피앤씨",83954010
"061970","엘비세미콘",43784592
"062860","티엘아이",9872720
"063080","게임빌",6522376
"063170","서울옥션",16917500
"063440","에프엔씨애드컬쳐",38307875
"063570","한국전자금융",26015009
"064090","한양하이타오",24135562
"064240","홈캐스트",31420893
"064260","다날",42418431
"064290","인텍플러스",9290333
"064480","브리지텍",11952500
"064520","바른전자",61051254
"064550","바이오니아",15384110
"064760","티씨케이",11675000
"064800","필링크",35505000
"064820","케이프",18519252
"065060","지엔코",69893011
"065130","탑엔지니어링",15976257
"065150","MPK",80808407
"065160","에프티이앤이",54186350
"065170","넥스트BT",39742341
"065350","신성델타테크",20346698
"065420","에스아이리소스",50041595
"065440","이루온",10616560
"065450","빅텍",24500000
"065500","오리엔트정공",52143627
"065510","휴비츠",11880371
"065530","전파기지국",5286000
"065560","큐브스",26319861
"065570","삼영이엔씨",8800000
"065620","제낙스",21486744
"065650","메디프론",25626733
"065660","안트로젠",7463435
"065680","우주일렉트로",9934220
"065690","대진디엠피",12565800
"065710","서호전기",5150000
"065770","CS",15156970
"065940","케이에스씨비",17067454
"065950","웰크론",25490497
"066110","한프",10335711
"066130","하츠",12800000
"066270","SK컴즈",43427530
"066310","큐에스아이",8278230
"066410","캔들미디어",61670933
"066430","신후",31378891
"066590","우수AMS",16994599
"066620","국보디자인",7500000
"066670","디스플레이텍",18691918
"066700","테라젠이텍스",27835096
"066790","씨씨에스",79138321
"066900","디에이피",22744503
"066910","손오공",21896161
"066970","엘앤에프",23154430
"066980","하이쎌",89277862
"067000","조이시티",11768395
"067010","이씨에스",7500000
"067080","대화제약",18224974
"067160","아프리카TV",10871717
"067170","오텍",11525414
"067280","멀티캠퍼스",5926779
"067290","JW신약",39044958
"067310","하나마이크론",22370446
"067390","아스트",14423239
"074150","엠제이비",28994741
"074430","아미노로직스",87826844
"074600","원익QnC",13144000
"075130","플랜티넷",8960000
"075970","동국알앤에스",18400000
"076080","웰크론한텍",18021293
"076610","해성옵틱스",16675000
"077280","한컴지엠디",10696250
"077360","덕산하이메탈",22718501
"078020","이베스트투자증권",40481190
"078070","유비쿼스",21200000
"078130","국일제지",20888234
"078140","대봉엘에스",11086579
"078150","HB테크놀러지",77029313
"078160","메디포스트",7832603
"078340","컴투스",12866420
"078350","한양디지텍",10000000
"078590","두올산업",12875270
"078600","대주전자재료",9481285
"078650","코렌",10517845
"078860","아이오케이",82767375
"078890","가온미디어",13408230
"078940","일경산업개발",16406104
"079000","와토스코리아",6300000
"079170","한창산업",5200000
"079190","EMW",27320699
"079370","제우스",10384000
"079650","서산",400000
"079810","디이엔티",8300000
"079940","가비아",13535684
"079950","인베니아",23200000
"079960","동양이엔피",7860000
"079970","투비소프트",13789871
"080000","에스엔유",25000000
"080010","이상네트웍스",9000000
"080160","모두투어",12600000
"080220","제주반도체",23428725
"080420","모다이노칩",39860811
"080440","세진전자",24035117
"080470","성창오토텍",7300000
"080520","오디텍",11746609
"080530","코디에스",14401281
"080580","오킨스전자",6200000
"081150","티플랙스",17694058
"081580","성우전자",15508143
"081970","한솔넥스지",5760000
"082210","옵트론텍",20168748
"082270","젬백스",30589492
"082390","피엘에이",66227775
"082660","삼우엠스",11587317
"082800","루미마이크로",37937500
"082850","우리이티아이",41452323
"082920","비츠로셀",14841718
"083310","엘오티베큠",12011889
"083450","GST",9317745
"083470","KJ프리텍",19376007
"083550","케이엠",9778918
"083640","인콘",6394863
"083650","비에이치아이",26000000
"083660","CSA코스믹",13961033
"083790","크리스탈",24766496
"083930","아바코",15996505
"084110","휴온스글로벌",5500690
"084180","수성",8200000
"084370","유진테크",22916042
"084650","랩지노믹스",8533599
"084730","팅크웨어",9776005
"084990","바이로메드",14306260
"085370","루트로닉",10535041
"085660","차바이오텍",50494365
"085670","뉴프렉스",12197158
"085810","알티캐스트",21223160
"085910","네오티스",11013678
"086040","바이오톡스텍",14419623
"086060","진바이오텍",8610587
"086250","화신테크",9700000
"086390","유니테스트",21134126
"086450","동국제약",8892000
"086520","에코프로",18161608
"086670","비엠티",8146529
"086830","신양오라컴",43888266
"086890","이수앱지스",19746267
"086900","메디톡스",5656535
"086960","MDS테크",8815608
"086980","쇼박스",62600000
"087010","펩트론",6099137
"087220","스틸플라워",42175555
"087600","픽셀플러스",8166558
"087730","네패스신소재",2860000
"088130","동아엘텍",11150296
"088290","이원컴포텍",12528669
"088390","이녹스",12308242
"088800","에이스테크",28328380
"088910","동우",22860000
"089010","켐트로닉스",10194971
"089030","테크윙",17279415
"089140","넥스턴",6800000
"089150","케이씨티",17150000
"089230","THEE&M",18372196
"089530","에이티세미콘",57931849
"089600","나스미디어",8246432
"089790","제이티",7472424
"089850","유비벨록스",7115697
"089890","고려반도체",8050032
"089980","상아프론테크",13301489
"090150","광진윈텍",9658393
"090360","로보스타",7800000
"090410","덕신하우징",8012000
"090460","비에이치",15634888
"090470","제이스텍",14597808
"090710","디에스티로봇",9493166
"090730","SIMPACMETALLOY",13000000
"090740","연이정보통신",16000000
"090850","이지웰페어",9893000
"091120","이엠텍",14035223
"091340","S&K폴리텍",8356445
"091440","텔레필드",6957040
"091580","상신이디피",11295050
"091590","남화토건",11740000
"091700","파트론",54156410
"091970","나노캠텍",10359561
"092040","아미코젠",9115755
"092070","디엔에프",10761828
"092130","이크레더블",12043600
"092300","현우산업",10539663
"092460","한라IMS",9933291
"092600","넥스트칩",13447500
"092730","네오팜",7461237
"092870","엑시콘",8883500
"093190","빅솔론",10200000
"093320","케이아이엔엑스",4880000
"093380","풍강",9879313
"093520","매커스",16133092
"093640","다믈멀티미디어",6488776
"093920","서원인텍",18600000
"094170","동운아나텍",5991000
"094190","이엘케이",30395366
"094360","칩스앤미디어",7186543
"094480","갤럭시아컴즈",32693543
"094820","일진파워",15078709
"094840","슈프리마에이치큐",10471840
"094850","참좋은레져",14000000
"094860","코닉글로리",44593545
"094940","푸른기술",5641177
"094970","제이엠티",16748240
"095190","이엠코리아",21413947
"095270","웨이브일렉트로",10594500
"095300","엔에스브이",11607136
"095340","ISC",12957132
"095500","미래나노텍",23289533
"095610","테스",18174030
"095660","네오위즈게임즈",21915008
"095700","제넥신",17694180
"095910","에스에너지",11606929
"096040","이트론",119776176
"096240","청담러닝",6675483
"096350","대창솔루션",11200000
"096530","씨젠",26234020
"096610","알에프세미",8120970
"096630","에스코넥",65265724
"096640","멜파스",21257151
"096690","세우테크",30285712
"096870","엘디티",6678400
"097520","엠씨넥스",8998218
"097780","에스맥",21318791
"097800","윈팩",17091218
"097870","효성오앤비",5800000
"098120","마이크로컨텍솔",8312766
"098460","고영",13655951
"098660","에스티오",8375026
"099190","아이센스",13719478
"099220","SDN",35113983
"099320","쎄트렉아이",3659990
"099410","동방선기",10963002
"099440","스맥",21899580
"099520","ITX엠투엠",14113383
"099660","한솔신텍",50387602
"103230","에스앤더블류",7200000
"104040","대성파인텍",5338167
"104200","벅스",14827550
"104460","동양피엔에프",10713625
"104480","티케이케미칼",90895434
"104540","코렌텍",9764153
"104830","원익머트리얼즈",6191200
"105330","케이엔더블유",5661347
"105550","트루윈",9661864
"105740","디케이락",7855554
"106080","하이소닉",11817275
"106190","하이텍팜",7088782
"106240","파인테크닉스",33485099
"106520","디지탈옵틱",20665787
"108230","톱텍",35025826
"108320","실리콘웍스",16264300
"108380","대양전기공업",9567333
"108790","인터파크",33022695
"108860","디오텍",22055945
"109080","옵티시스",5636000
"109610","에스와이패널",6200000
"109740","디에스케이",6500000
"109820","진매트릭스",8537431
"109860","동일금속",7000000
"109960","로코조이",17449797
"111820","처음앤씨",12950957
"111870","삼본정밀전자",9500000
"112040","위메이드",16800000
"112240","에스에프씨",16464195
"113810","디젠스",20530447
"114120","크루셜텍",28527440
"114190","웰크론강원",15253030
"114450","KPX생명과학",15000000
"114570","지스마트글로벌",19778476
"114630","우노앤컴퍼니",13573965
"114810","아이원스",10495566
"115160","휴맥스",23911798
"115180","큐리언트",7227262
"115310","인포바인",3113672
"115440","우리넷",6365710
"115450","지트리비앤티",22092400
"115480","씨유메디칼",13206458
"115500","케이씨에스",12000000
"115530","씨엔플러스",4946175
"115570","스타플렉스",6453734
"115610","이미지스",7669128
"115960","연우",12398000
"117670","알파칩스",8032896
"119500","포메탈",12024680
"119610","인터로조",10776000
"119830","아이텍반도체",5209046
"119850","지엔씨에너지",8560678
"119860","다나와",6624911
"120240","대정화금",6048727
"121440","골프존유원홀딩스",42836818
"121600","나노신소재",10848333
"121800","세븐스타웍스",13816673
"121850","코이즈",9699159
"121890","에스디시스템",3800000
"122350","삼기오토모티브",30827256
"122450","KMH",13473695
"122640","예스티",4327321
"122690","서진오토모티브",16032475
"122800","썬텍",21584960
"131760","파인텍",6408332
"131970","테스나",6850000
"133750","메가엠디",20401568
"134060","이퓨쳐",4769250
"134580","디엠티",11250000
"134780","화진",12330000
"136480","하림",53945938
"136510","쎄미시스코",5400000
"136540","윈스",11305231
"137400","피엔티",7600000
"137940","넥스트아이",11951004
"137950","제이씨케미칼",19343000
"138070","신진에스엠",8972183
"138080","오이솔루션",5179610
"138360","에이씨티",6115000
"138610","나이벡",5219715
"138690","엘아이에스",12602629
"139050","경봉",17936322
"139670","넥스트리밍",7016911
"140410","메지온",8158000
"140520","대창스틸",14566000
"140860","파크시스템스",6518355
"141000","비아트론",12114710
"141020","포티스",21397982
"141070","맥스로텍",13955622
"141080","레고켐바이오",9315633
"142210","유니트론텍",3310650
"142280","녹십자엠에스",9560000
"142760","바이오리더스",12354310
"143160","아이디스",10716390
"143240","사람인에이치알",11634263
"143540","영우디에스피",6032233
"144510","녹십자랩셀",10554054
"145020","휴젤",3284058
"147830","제룡산업",7932320
"148250","알엔투테크놀로지",6328942
"149940","모다정보통신",12280556
"149950","아바텍",15607500
"149980","하이로닉",14043645
"150840","인트로메딕",7202178
"150900","파수닷컴",8142695
"151860","KGETS",36000000
"151910","나노스",12065263
"153460","네이블",4920296
"153490","우리이앤엘",49900000
"154040","솔루에타",11026516
"155650","와이엠씨",9865093
"155960","지디",18149154
"158310","인터불스",5082335
"159580","제로투세븐",12290000
"159910","MBK",63553154
"160550","NEW",27406106
"160600","에스엔텍",10845889
"160980","싸이맥스",5405863
"161570","미동앤씨네마",12800000
"166480","코아스템",15717440
"168330","내츄럴엔도텍",19476432
"170030","현대공업",15305000
"170790","파이오링크",6856330
"170920","엘티씨",6830288
"171010","램테크놀러지",11382966
"171120","라이온켐텍",15386005
"173940","에프엔씨엔터",14364880
"174880","장원테크",6045000
"175140","인포마크",3503708
"177350","베셀",5584184
"177830","파버나인",5355636
"178780","유테크",10160600
"178920","SKC코오롱PI",29366322
"180400","엠지메드",2095320
"182360","큐브엔터",26573767
"182400","에이티젠",11105405
"182690","테라셈",13966340
"184230","SGA솔루션즈",25655936
"185490","아이진",10027000
"187220","디티앤씨",9854054
"187270","신화콘텍",7469661
"187420","제노포커스",8940453
"187790","나노",24718692
"189690","포시에스",6522975
"189860","서전기전",4849390
"189980","흥국에프엔비",7341291
"190510","나무가",3336441
"191410","육일씨엔에쓰",8522980
"191420","테고사이언스",3702857
"192080","더블유게임즈",17184556
"192250","케이사인",61476373
"192390","윈하이텍",9863089
"192410","감마누",3610200
"192440","슈피겐코리아",6216363
"193250","와이제이엠게임즈",45254095
"194480","데브시스터즈",11055190
"194510","파티게임즈",12137488
"194610","우성아이비",13208025
"195990","유지인트",23855542
"196170","알테오젠",5947945
"196450","차디오스텍",21780837
"196490","디에이테크놀로지",6043686
"196700","웹스",6849238
"197210","리드",5126678
"198440","엔에이치스팩3호",7000000
"200130","콜마비앤에이치",29543558
"200230","텔콘",5022000
"200470","하이셈",17553680
"200670","휴메딕스",8746460
"200710","에이디테크놀로지",4136195
"200780","비씨월드제약",6673848
"203650","신한제2호SPAC",5500000
"203690","프로스테믹스",43675630
"204440","대우스팩2호",5750000
"204620","유안타제1호스팩",6000000
"204630","화이브라더스",26598785
"204650","케이티비스팩1호",5500000
"204760","현대에이블스팩1호",5525000
"204840","IBKS제2호스팩",4500000
"205100","엑셈",29562285
"205470","하이제2호스팩",5500000
"205500","액션스퀘어",24541426
"206400","엔터메이트",26469036
"206560","덱스터",10866644
"206640","바디텍메드",21103897
"215480","대우SBI스팩1호",3535000
"215580","대우스팩3호",5410000
"215750","미래에셋제3호스팩",6100000
"215790","엔에이치스팩5호",7000000
"217190","제너셈",8769174
"226850","키움스팩4호",10204000
